-- phpMyAdmin SQL Dump
-- version 5.2.2
-- https://www.phpmyadmin.net/
--
-- Servidor: 127.0.0.1:3306
-- Tiempo de generación: 02-11-2025 a las 12:29:37
-- Versión del servidor: 11.8.3-MariaDB-log
-- Versión de PHP: 7.2.34

SET SQL_MODE = "NO_AUTO_VALUE_ON_ZERO";
START TRANSACTION;
SET time_zone = "+00:00";


/*!40101 SET @OLD_CHARACTER_SET_CLIENT=@@CHARACTER_SET_CLIENT */;
/*!40101 SET @OLD_CHARACTER_SET_RESULTS=@@CHARACTER_SET_RESULTS */;
/*!40101 SET @OLD_COLLATION_CONNECTION=@@COLLATION_CONNECTION */;
/*!40101 SET NAMES utf8mb4 */;

--
-- Base de datos: `u245906636_orquideasAAO`
--

-- --------------------------------------------------------

--
-- Estructura de tabla para la tabla `clase`
--

CREATE TABLE `clase` (
  `id_clase` int(11) NOT NULL,
  `nombre_clase` varchar(255) NOT NULL,
  `id_grupo` int(11) NOT NULL
) ENGINE=InnoDB DEFAULT CHARSET=utf8mb4 COLLATE=utf8mb4_general_ci;

--
-- Volcado de datos para la tabla `clase`
--

INSERT INTO `clase` (`id_clase`, `nombre_clase`, `id_grupo`) VALUES
(1, 'Clase 1: Epidendrum especie con racimo', 1),
(2, 'Clase 2: Epidendrum especie con panícula', 1),
(3, 'Clase 3: Epidendrum tipo Oerstedella', 1),
(4, 'Clase 4: Epidendrum tipo caña', 1),
(5, 'Clase 5: Barkeria', 1),
(6, 'Clase 6: Encyclia', 1),
(7, 'Clase 7: Prosthechea', 1),
(8, 'Clase 8: Rhyncholaelia y Brassavola', 1),
(9, 'Clase 9: Laelias, Schomburgkia, Caularthron y Myrmecophila', 1),
(10, 'Clase 10: Híbridos de Encyclia, Laelia, Broughtonia, etc.', 1),
(11, 'Clase 11: Arpophyllum, Isochilus, Coelia, Bletia', 1),
(12, 'Clase 12: Elleanthus, Sobralia especies e híbridos', 1),
(13, 'Clase 13: Scaphyglottis, Jaquinella, Polystachya, etc.', 1),
(14, 'Clase 14: Guarianthe especie', 2),
(15, 'Clase 15: Guarianthe híbrido con Cattleyas', 2),
(16, 'Clase 16: Cattleya de 1 o 2 hojas especies', 3),
(17, 'Clase 17: Cattleya híbridos de todos colores', 3),
(18, 'Clase 18: Híbridos de Encyclia, Broughtonia con Cattleya', 3),
(19, 'Clase 19: Lycaste virginalis fo. Alba', 4),
(20, 'Clase 20: Lycaste virginalis fo. Virginalis', 4),
(21, 'Clase 21: Lycaste virginalis fo. Superba', 4),
(22, 'Clase 22: Lycaste guatemalensis', 4),
(23, 'Clase 23: Lycaste cruenta = Selbyana cruenta', 4),
(24, 'Clase 24: Lycaste cochleata = Selbyana cochleata', 4),
(25, 'Clase 25: Lycaste deppei', 4),
(26, 'Clase 26: Lycaste dowiana', 4),
(27, 'Clase 27: Lycaste lasioglossa', 4),
(28, 'Clase 28: Otras especies de Lycaste', 4),
(29, 'Clase 29: Sudamerlycaste', 4),
(30, 'Clase 30: Anguloa especies e híbridos', 4),
(31, 'Clase 31: Lycaste híbrido natural o artificial primario', 4),
(32, 'Clase 32: Lycaste híbridos complejos', 4),
(33, 'Clase 33: Camaridium', 4),
(34, 'Clase 34: Heterotaxis', 4),
(35, 'Clase 35: Rhetinantha aciantha y similares', 4),
(36, 'Clase 36: Maxillariella', 4),
(37, 'Clase 37: Maxillarias sudamericanas especie e híbrido', 4),
(38, 'Clase 38: Maxillaria tipo sudamericana especie e híbrido', 4),
(39, 'Clase 39: Xilobium y géneros aliados', 4),
(40, 'Clase 40: Híbridos intergenéricos de la subtribu Maxillariinae', 4),
(41, 'Clase 41: Ackermania, Bifrenaria y géneros aliados', 4),
(42, 'Clase 42: Cyrtopodium y géneros aliados', 4),
(43, 'Clase 43: Catasetum, Clowesia y géneros aliados', 4),
(44, 'Clase 44: Acineta, Coryanthes y géneros aliados', 4),
(45, 'Clase 45: Trichocentrum, Conhiella, Lophiaris, etc.', 5),
(46, 'Clase 46: Oncidium hoja delgada', 5),
(47, 'Clase 47: Otros géneros: Tolumnia, Cyrtochilum, etc.', 5),
(48, 'Clase 48: Rhynchostele especie', 5),
(49, 'Clase 49: Rossioglossum especie', 5),
(50, 'Clase 50: Cuitlauzina especie', 5),
(51, 'Clase 51: Brassia especie', 5),
(52, 'Clase 52: Miltonia y Miltoniopsis especie', 5),
(53, 'Clase 53: Trichopilia', 5),
(54, 'Clase 54: Otros géneros aliados a Oncidium', 5),
(55, 'Clase 55: Híbrido tipo Brassia, Odontoglossum', 5),
(56, 'Clase 56: Otros híbridos no mencionados', 5),
(57, 'Clase 57: Phragmipedium, Cypripedium y géneros aliados', 6),
(58, 'Clase 58: Phragmipedium híbrido', 6),
(59, 'Clase 59: Paphiopedilum especie', 6),
(60, 'Clase 60: Paphiopedilum híbrido unifloral', 6),
(61, 'Clase 61: Paphiopedilum híbrido multifloral', 6),
(62, 'Clase 62: Paphiopedilum híbrido tipo Complex', 6),
(63, 'Clase 63: Ascocentrum y Ascocenda especie e híbrido', 7),
(64, 'Clase 64: Vanda especie', 7),
(65, 'Clase 65: Vanda híbrido', 7),
(66, 'Clase 66: Angraecum', 7),
(67, 'Clase 67: Vandáceas especies o híbridos no mencionados anteriormente', 7),
(68, 'Clase 68: Phalaenopsis especie', 7),
(69, 'Clase 69: Phalaenopsis blancas híbrido', 7),
(70, 'Clase 70: Phalaenopsis otros colores híbridos', 7),
(71, 'Clase 71: Phalaenopsis tipo miniatura', 7),
(72, 'Clase 72: Cymbidium y Cymbidella especie', 8),
(73, 'Clase 73: Cymbidium híbrido', 8),
(74, 'Clase 74: Grammathophyllum especie y híbrido', 8),
(75, 'Clase 75: Dendrobium y Oxystophyllum especie', 8),
(76, 'Clase 76: Dendrobium miniatura especie', 8),
(77, 'Clase 77: Dendrobium miniatura híbrido', 8),
(78, 'Clase 78: Dendrobium tipo nobile, phalaenopsis, antílope híbrido', 8),
(79, 'Clase 79: Bulbophyllum especie e híbrido', 8),
(80, 'Clase 80: Dendrochilum especie e híbrido', 8),
(81, 'Clase 81: Coelogyne y géneros aliados especie e híbrido', 8),
(82, 'Clase 82: Calanthe, Ludisia y géneros similares', 8),
(83, 'Clase 83: Pleurothallis pansamalae y similares', 9),
(84, 'Clase 84: Pleurothallis cardiothallis y similares', 9),
(85, 'Clase 85: Acianthera', 9),
(86, 'Clase 86: Kraenziniella, Myoxanthus y similares', 9),
(87, 'Clase 87: Stelis (sensu latu)', 9),
(88, 'Clase 88: Stelis (sensu stricto)', 9),
(89, 'Clase 89: Otras Pleurothallidinae con inflorescencia más larga que la hoja', 9),
(90, 'Clase 90: Platystele', 9),
(91, 'Clase 91: Lankesteriana', 9),
(92, 'Clase 92: Lephantes tipo guatemalensis', 9),
(93, 'Clase 93: Lephantes tipo stenophylla', 9),
(94, 'Clase 94: Lephantes tipo scopula', 9),
(95, 'Clase 95: Lepanthopsis', 9),
(96, 'Clase 96: Trichosalpinx', 9),
(97, 'Clase 97: Specklinia', 9),
(98, 'Clase 98: Otras Pleurothallidinae pequeñas', 9),
(99, 'Clase 99: Restrepia especie e híbrido', 9),
(100, 'Clase 100: Masdevallia de México y C.A. especie', 9),
(101, 'Clase 101: Masdevallia tipo sudamericanas especie', 9),
(102, 'Clase 102: Masdevallias híbrido', 9),
(103, 'Clase 103: Draculas especies e híbrido', 9),
(104, 'Clase 104: Dichaea tipo rastrera y similares', 10),
(105, 'Clase 105: Campylocentrum y otros géneros pequeños', 10),
(106, 'Clase 106: Cranichideae y géneros aliados', 11),
(107, 'Clase 107: Habenaria, Triphora y géneros aliados', 11),
(108, 'Clase 108: Bouquets de novia', 12),
(109, 'Clase 109: Arreglos tradicionales', 12),
(110, 'Clase 110: Arreglos modernos/ Línea abstracta', 12),
(111, 'Clase 111: Flor cortada', 12),
(112, 'Clase 112: Tema educacional sobre orquídeas', 13),
(113, 'Clase 113: Tema educacional sobre medio ambiente', 13),
(114, 'Otros', 14);

-- --------------------------------------------------------

--
-- Estructura de tabla para la tabla `grupo`
--

CREATE TABLE `grupo` (
  `id_grupo` int(11) NOT NULL,
  `nombre_grupo` varchar(100) NOT NULL,
  `Cod_Grupo` varchar(25) NOT NULL
) ENGINE=InnoDB DEFAULT CHARSET=utf8mb4 COLLATE=utf8mb4_general_ci;

--
-- Volcado de datos para la tabla `grupo`
--

INSERT INTO `grupo` (`id_grupo`, `nombre_grupo`, `Cod_Grupo`) VALUES
(1, 'Grupo A: Epidendrum y géneros aliados', 'A'),
(2, 'Grupo B: Género Guarianthe especie e híbrido', 'B'),
(3, 'Grupo C: Género Cattleya', 'C'),
(4, 'Grupo D: Lycaste y géneros aliados', 'D'),
(5, 'Grupo E: Oncidium y géneros aliados', 'E'),
(6, 'Grupo F: Cypripedium y géneros aliados', 'F'),
(7, 'Grupo G: Vanda, Phalaenopsis y géneros aliados', 'G'),
(8, 'Grupo H: Géneros asiáticos especie e híbrido', 'H'),
(9, 'Grupo I: Pleurothallidinae', 'I'),
(10, 'Grupo J: Miniaturas no Pleurothallidinae, no terrestres', 'J'),
(11, 'Grupo K: Géneros americanos terrestres', 'K'),
(12, 'Grupo L: Arreglos florales', 'L'),
(13, 'Grupo M: Exhibiciones educacionales', 'M'),
(14, 'Grupo Otros ', 'O');

-- --------------------------------------------------------

--
-- Estructura de tabla para la tabla `nom_usuarios`
--

CREATE TABLE `nom_usuarios` (
  `id_usuario` int(11) NOT NULL,
  `nombre_usuario` varchar(50) NOT NULL,
  `tipo_usuario` enum('Admin general','Corroborador','Asignador','Juez','Usuario') NOT NULL
) ENGINE=InnoDB DEFAULT CHARSET=utf8mb4 COLLATE=utf8mb4_general_ci;

--
-- Volcado de datos para la tabla `nom_usuarios`
--

INSERT INTO `nom_usuarios` (`id_usuario`, `nombre_usuario`, `tipo_usuario`) VALUES
(1, 'Admin general', 'Admin general'),
(2, 'Corroborador', 'Corroborador'),
(3, 'Asignador', 'Asignador'),
(4, 'Juez', 'Juez'),
(5, 'Usuario', 'Usuario');

-- --------------------------------------------------------

--
-- Estructura de tabla para la tabla `tb_almacenadas`
--

CREATE TABLE `tb_almacenadas` (
  `id` int(11) NOT NULL,
  `id_orquidea` int(11) NOT NULL,
  `estado` varchar(50) NOT NULL,
  `motivo` varchar(225) DEFAULT NULL
) ENGINE=InnoDB DEFAULT CHARSET=utf8mb4 COLLATE=utf8mb4_general_ci;

-- --------------------------------------------------------

--
-- Estructura de tabla para la tabla `tb_aso`
--

CREATE TABLE `tb_aso` (
  `id_aso` int(11) NOT NULL,
  `Clase` varchar(60) NOT NULL
) ENGINE=InnoDB DEFAULT CHARSET=utf8mb4 COLLATE=utf8mb4_general_ci;

--
-- Volcado de datos para la tabla `tb_aso`
--

INSERT INTO `tb_aso` (`id_aso`, `Clase`) VALUES
(1, 'Asociación Guatemalteca de Orquideología AGO'),
(2, 'Asociación Bajaverapacense de Orquideología ABO'),
(3, 'Asociación de Orquideología La Antigua Guatemala AOAG'),
(4, 'Asociación Altaverapacense de Orquideología AAO'),
(5, 'Asociación de Orquideología Carcha Alta Verapaz AOCAV'),
(6, 'Independiente ');

-- --------------------------------------------------------

--
-- Estructura de tabla para la tabla `tb_departamento`
--

CREATE TABLE `tb_departamento` (
  `id_departamento` int(11) NOT NULL,
  `nombre_departamento` varchar(100) NOT NULL
) ENGINE=InnoDB DEFAULT CHARSET=utf8mb4 COLLATE=utf8mb4_general_ci;

--
-- Volcado de datos para la tabla `tb_departamento`
--

INSERT INTO `tb_departamento` (`id_departamento`, `nombre_departamento`) VALUES
(1, 'Alta Verapaz'),
(2, 'Baja Verapaz'),
(3, 'Chimaltenango'),
(4, 'Chiquimula'),
(5, 'El Progreso'),
(6, 'Escuintla'),
(7, 'Guatemala'),
(8, 'Huehuetenango'),
(9, 'Izabal'),
(10, 'Jalapa'),
(11, 'Jutiapa'),
(12, 'Petén'),
(13, 'Quetzaltenango'),
(14, 'Quiché'),
(15, 'Retalhuleu'),
(16, 'Sacatepéquez'),
(17, 'San Marcos'),
(18, 'Santa Rosa'),
(19, 'Sololá'),
(20, 'Suchitepéquez'),
(21, 'Totonicapán'),
(22, 'Zacapa');

-- --------------------------------------------------------

--
-- Estructura de tabla para la tabla `tb_ganadores`
--

CREATE TABLE `tb_ganadores` (
  `id_ganador` int(11) NOT NULL,
  `id_orquidea` int(11) NOT NULL,
  `id_grupo` int(11) NOT NULL,
  `id_clase` int(11) NOT NULL,
  `posicion` int(11) NOT NULL,
  `empate` tinyint(1) DEFAULT 0,
  `fecha_ganador` datetime NOT NULL
) ENGINE=InnoDB DEFAULT CHARSET=utf8mb4 COLLATE=utf8mb4_general_ci;

--
-- Volcado de datos para la tabla `tb_ganadores`
--

INSERT INTO `tb_ganadores` (`id_ganador`, `id_orquidea`, `id_grupo`, `id_clase`, `posicion`, `empate`, `fecha_ganador`) VALUES
(3, 372, 1, 4, 1, 0, '2024-11-20 17:34:07'),
(4, 350, 1, 4, 2, 0, '2024-11-20 17:34:33'),
(5, 332, 1, 4, 3, 0, '2024-11-20 17:35:17'),
(6, 225, 1, 1, 1, 0, '2024-11-20 17:46:54'),
(7, 218, 1, 1, 2, 0, '2024-11-20 17:47:23'),
(8, 219, 1, 1, 3, 0, '2024-11-20 17:47:53'),
(9, 819, 1, 2, 1, 0, '2024-11-20 17:49:08'),
(10, 340, 1, 2, 1, 0, '2024-11-20 17:50:16'),
(11, 293, 1, 2, 3, 0, '2024-11-20 17:50:55'),
(12, 342, 1, 3, 1, 0, '2024-11-20 17:52:36'),
(13, 206, 1, 8, 2, 0, '2024-11-20 17:56:21'),
(14, 368, 1, 9, 1, 0, '2024-11-20 17:57:19'),
(16, 285, 1, 9, 2, 0, '2024-11-20 17:57:46'),
(17, 336, 1, 9, 3, 0, '2024-11-20 17:58:18'),
(18, 613, 1, 9, 1, 0, '2024-11-20 18:03:58'),
(19, 451, 1, 8, 1, 0, '2024-11-20 18:04:56'),
(20, 45, 1, 5, 1, 0, '2024-11-20 18:06:01'),
(21, 455, 1, 5, 2, 0, '2024-11-20 18:06:23'),
(22, 596, 1, 5, 3, 0, '2024-11-20 18:06:49'),
(23, 364, 3, 16, 1, 0, '2024-11-20 18:15:24'),
(24, 295, 3, 16, 2, 0, '2024-11-20 18:16:04'),
(25, 567, 3, 16, 3, 0, '2024-11-20 18:16:27'),
(26, 553, 2, 15, 1, 0, '2024-11-20 18:21:38'),
(27, 450, 2, 15, 2, 0, '2024-11-20 18:22:02'),
(28, 589, 2, 15, 3, 0, '2024-11-20 18:22:22'),
(29, 395, 1, 10, 1, 0, '2024-11-20 18:31:43'),
(30, 353, 3, 17, 1, 0, '2024-11-20 18:33:31'),
(32, 602, 3, 17, 2, 0, '2024-11-20 18:33:51'),
(33, 588, 3, 17, 3, 0, '2024-11-20 18:34:31'),
(34, 766, 1, 6, 1, 0, '2024-11-20 18:39:41'),
(35, 718, 1, 6, 2, 0, '2024-11-20 18:43:20'),
(36, 294, 1, 6, 3, 0, '2024-11-20 18:43:44'),
(37, 779, 1, 11, 1, 0, '2024-11-20 18:45:33'),
(38, 279, 1, 12, 1, 0, '2024-11-20 18:46:27'),
(39, 42, 1, 7, 1, 0, '2024-11-20 18:46:36'),
(40, 41, 1, 7, 2, 0, '2024-11-20 18:47:23'),
(41, 713, 1, 7, 3, 0, '2024-11-20 18:47:49'),
(42, 190, 1, 13, 1, 0, '2024-11-20 18:49:22'),
(43, 245, 4, 43, 1, 1, '2024-11-20 18:54:27'),
(44, 369, 4, 43, 1, 1, '2024-11-20 18:54:52'),
(45, 552, 4, 43, 2, 0, '2024-11-20 18:55:25'),
(46, 253, 4, 44, 1, 0, '2024-11-20 18:55:47'),
(47, 355, 4, 44, 2, 0, '2024-11-20 18:56:20'),
(48, 370, 4, 43, 3, 0, '2024-11-20 18:56:34'),
(49, 175, 5, 46, 1, 0, '2024-11-20 18:58:36'),
(50, 30, 5, 46, 2, 0, '2024-11-20 18:59:22'),
(51, 343, 5, 53, 1, 0, '2024-11-20 18:59:40'),
(52, 534, 5, 46, 3, 0, '2024-11-20 18:59:46'),
(53, 244, 5, 48, 3, 0, '2024-11-20 19:00:48'),
(54, 296, 5, 49, 1, 0, '2024-11-20 19:01:24'),
(55, 251, 5, 49, 2, 0, '2024-11-20 19:01:59'),
(56, 752, 8, 79, 1, 0, '2024-11-20 19:03:34'),
(57, 573, 5, 55, 1, 0, '2024-11-20 19:03:53'),
(58, 196, 5, 55, 2, 0, '2024-11-20 19:04:17'),
(59, 266, 8, 79, 2, 0, '2024-11-20 19:04:50'),
(60, 591, 5, 55, 3, 0, '2024-11-20 19:05:01'),
(61, 438, 5, 56, 1, 0, '2024-11-20 19:05:48'),
(62, 389, 5, 56, 2, 0, '2024-11-20 19:06:15'),
(63, 335, 8, 79, 3, 0, '2024-11-20 19:06:38'),
(64, 481, 5, 56, 3, 0, '2024-11-20 19:07:25'),
(65, 633, 8, 81, 1, 0, '2024-11-20 19:08:36'),
(66, 482, 8, 81, 2, 0, '2024-11-20 19:09:08'),
(67, 562, 8, 82, 1, 0, '2024-11-20 19:10:33'),
(68, 577, 8, 82, 2, 0, '2024-11-20 19:11:26'),
(69, 802, 12, 109, 1, 0, '2024-11-20 19:11:36'),
(70, 729, 8, 82, 3, 0, '2024-11-20 19:11:51'),
(71, 804, 12, 109, 2, 0, '2024-11-20 19:12:14'),
(72, 418, 4, 32, 1, 0, '2024-11-20 19:14:52'),
(73, 616, 4, 32, 2, 0, '2024-11-20 19:18:29'),
(74, 499, 4, 32, 3, 0, '2024-11-20 19:21:22'),
(75, 635, 10, 104, 2, 0, '2024-11-20 19:29:16'),
(76, 558, 10, 105, 1, 0, '2024-11-20 19:30:17'),
(77, 803, 10, 105, 2, 0, '2024-11-20 19:30:46'),
(78, 226, 10, 105, 3, 0, '2024-11-20 19:31:22'),
(79, 254, 4, 31, 1, 0, '2024-11-20 19:43:17'),
(80, 675, 4, 31, 2, 0, '2024-11-20 19:44:10'),
(81, 676, 4, 31, 2, 0, '2024-11-20 19:44:52'),
(82, 277, 4, 36, 1, 0, '2024-11-20 19:44:55'),
(83, 668, 4, 31, 2, 0, '2024-11-20 19:45:26'),
(84, 37, 4, 36, 2, 0, '2024-11-20 19:45:44'),
(85, 670, 4, 31, 3, 0, '2024-11-20 19:45:52'),
(86, 276, 4, 36, 3, 1, '2024-11-20 19:46:19'),
(87, 711, 4, 36, 3, 1, '2024-11-20 19:46:44'),
(88, 728, 4, 37, 1, 0, '2024-11-20 19:47:35'),
(89, 744, 4, 37, 2, 0, '2024-11-20 19:47:58'),
(90, 798, 4, 37, 3, 1, '2024-11-20 19:49:22'),
(91, 741, 4, 37, 3, 1, '2024-11-20 19:49:53'),
(92, 208, 6, 60, 1, 0, '2024-11-20 19:50:26'),
(93, 463, 6, 60, 2, 0, '2024-11-20 19:51:07'),
(94, 816, 1, 2, 1, 0, '2024-11-20 19:51:34'),
(95, 272, 6, 60, 3, 0, '2024-11-20 19:51:40'),
(96, 689, 6, 61, 1, 0, '2024-11-20 19:52:13'),
(97, 252, 6, 61, 3, 0, '2024-11-20 19:53:43'),
(98, 169, 6, 57, 1, 1, '2024-11-20 19:55:11'),
(99, 462, 6, 57, 1, 1, '2024-11-20 19:55:46'),
(100, 170, 8, 73, 1, 0, '2024-11-20 21:05:45'),
(101, 618, 8, 78, 1, 1, '2024-11-20 21:06:57'),
(102, 504, 8, 78, 1, 1, '2024-11-20 21:07:18'),
(103, 748, 8, 78, 1, 1, '2024-11-20 21:08:22'),
(104, 269, 6, 59, 1, 1, '2024-11-20 21:11:14'),
(105, 680, 6, 59, 1, 1, '2024-11-20 21:12:07'),
(106, 679, 6, 59, 2, 0, '2024-11-20 21:12:58'),
(107, 678, 6, 59, 3, 0, '2024-11-20 21:13:20'),
(108, 700, 7, 68, 1, 0, '2024-11-20 21:13:33'),
(109, 701, 7, 68, 2, 0, '2024-11-20 21:14:33'),
(110, 210, 7, 69, 1, 0, '2024-11-20 21:18:46'),
(111, 708, 7, 69, 2, 0, '2024-11-20 21:19:13'),
(112, 709, 7, 69, 3, 0, '2024-11-20 21:19:39'),
(113, 706, 7, 70, 1, 0, '2024-11-20 21:20:57'),
(114, 484, 4, 41, 1, 0, '2024-11-20 21:20:57'),
(115, 731, 4, 41, 2, 0, '2024-11-20 21:21:24'),
(116, 703, 7, 70, 2, 0, '2024-11-20 21:22:01'),
(117, 732, 4, 41, 3, 0, '2024-11-20 21:22:26'),
(118, 459, 7, 70, 3, 0, '2024-11-20 21:22:29'),
(119, 459, 7, 70, 3, 0, '2024-11-20 21:22:29'),
(120, 716, 7, 71, 1, 1, '2024-11-20 21:23:24'),
(121, 715, 7, 71, 1, 1, '2024-11-20 21:23:57'),
(122, 365, 7, 71, 2, 0, '2024-11-20 21:25:12'),
(123, 643, 7, 71, 3, 0, '2024-11-20 21:25:41'),
(124, 746, 4, 39, 1, 0, '2024-11-20 21:37:22'),
(125, 730, 4, 39, 2, 0, '2024-11-20 21:37:57'),
(126, 538, 4, 39, 3, 0, '2024-11-20 21:38:20'),
(127, 800, 4, 33, 1, 0, '2024-11-20 21:39:08'),
(128, 216, 4, 30, 1, 0, '2024-11-20 21:40:23'),
(129, 722, 4, 35, 1, 0, '2024-11-20 21:40:28'),
(130, 292, 4, 28, 2, 0, '2024-11-20 21:41:41'),
(131, 634, 4, 28, 3, 0, '2024-11-20 21:42:13'),
(132, 189, 4, 23, 1, 0, '2024-11-20 21:43:05'),
(133, 154, 4, 23, 2, 0, '2024-11-20 21:43:25'),
(134, 154, 4, 23, 2, 0, '2024-11-20 21:43:25'),
(135, 629, 4, 26, 2, 0, '2024-11-20 21:43:32'),
(136, 155, 4, 23, 3, 0, '2024-11-20 21:43:47'),
(137, 630, 4, 26, 3, 0, '2024-11-20 21:43:57'),
(138, 408, 4, 27, 1, 0, '2024-11-20 21:45:16'),
(139, 280, 11, 106, 1, 0, '2024-11-20 21:45:29'),
(140, 464, 4, 27, 2, 0, '2024-11-20 21:45:43'),
(141, 351, 11, 106, 2, 0, '2024-11-20 21:45:51'),
(142, 379, 4, 27, 3, 1, '2024-11-20 21:46:04'),
(143, 263, 11, 106, 3, 0, '2024-11-20 21:46:13'),
(144, 412, 4, 27, 3, 1, '2024-11-20 21:46:34'),
(145, 222, 11, 107, 1, 0, '2024-11-20 21:47:16'),
(146, 221, 11, 107, 2, 0, '2024-11-20 21:47:49'),
(147, 220, 11, 107, 3, 0, '2024-11-20 21:48:26'),
(148, 391, 4, 19, 1, 0, '2024-11-20 21:50:46'),
(149, 138, 4, 19, 2, 0, '2024-11-20 21:51:05'),
(150, 489, 4, 21, 1, 0, '2024-11-20 21:51:43'),
(151, 313, 4, 21, 2, 0, '2024-11-20 21:52:08'),
(152, 345, 4, 21, 3, 0, '2024-11-20 21:52:39'),
(153, 771, 4, 19, 3, 0, '2024-11-20 21:56:03'),
(154, 153, 4, 22, 1, 0, '2024-11-20 21:57:02'),
(155, 593, 4, 22, 2, 0, '2024-11-20 21:57:44'),
(156, 179, 4, 22, 3, 0, '2024-11-20 21:58:12'),
(157, 312, 4, 20, 1, 0, '2024-11-20 21:58:24'),
(158, 130, 4, 20, 2, 1, '2024-11-20 21:58:41'),
(159, 184, 4, 20, 2, 1, '2024-11-20 21:59:01'),
(160, 311, 4, 20, 3, 1, '2024-11-20 21:59:23'),
(161, 129, 4, 20, 3, 1, '2024-11-20 21:59:41'),
(162, 142, 13, 112, 1, 0, '2024-11-20 22:01:20'),
(163, 145, 13, 112, 2, 0, '2024-11-20 22:01:44'),
(164, 786, 4, 40, 1, 0, '2024-11-20 22:01:49'),
(165, 787, 5, 50, 3, 0, '2024-11-20 22:02:19'),
(166, 773, 9, 85, 1, 0, '2024-11-20 22:05:30'),
(167, 780, 9, 85, 2, 0, '2024-11-20 22:05:57'),
(168, 791, 9, 85, 3, 0, '2024-11-20 22:10:09'),
(169, 96, 9, 84, 1, 0, '2024-11-20 22:10:34'),
(170, 64, 9, 84, 2, 0, '2024-11-20 22:11:53'),
(171, 104, 9, 84, 3, 0, '2024-11-20 22:12:22'),
(172, 385, 9, 84, 1, 0, '2024-11-20 22:12:54'),
(173, 755, 9, 84, 2, 0, '2024-11-20 22:13:33'),
(174, 754, 9, 84, 3, 0, '2024-11-20 22:14:01'),
(175, 782, 9, 84, 1, 0, '2024-11-20 22:14:53'),
(176, 399, 9, 87, 1, 0, '2024-11-20 22:17:44'),
(177, 811, 9, 87, 2, 0, '2024-11-20 22:18:12'),
(178, 734, 9, 87, 3, 0, '2024-11-20 22:18:54'),
(179, 133, 9, 84, 2, 0, '2024-11-20 22:19:04'),
(180, 237, 9, 84, 3, 0, '2024-11-20 22:19:24'),
(181, 92, 9, 88, 1, 0, '2024-11-20 22:22:09'),
(182, 93, 9, 88, 2, 0, '2024-11-20 22:22:31'),
(183, 90, 9, 88, 3, 0, '2024-11-20 22:22:55'),
(184, 442, 9, 90, 1, 0, '2024-11-20 22:23:41'),
(185, 85, 9, 90, 2, 0, '2024-11-20 22:24:19'),
(186, 75, 9, 90, 3, 0, '2024-11-20 22:25:30'),
(187, 261, 9, 88, 1, 0, '2024-11-20 22:27:48'),
(188, 234, 9, 91, 1, 0, '2024-11-20 22:28:10'),
(189, 446, 9, 89, 1, 0, '2024-11-20 22:30:38'),
(190, 759, 9, 89, 2, 0, '2024-11-20 22:31:05'),
(191, 110, 9, 89, 3, 0, '2024-11-20 22:31:25'),
(192, 72, 9, 92, 1, 0, '2024-11-20 22:36:52'),
(193, 419, 9, 100, 1, 1, '2024-11-20 22:37:35'),
(194, 664, 9, 96, 1, 0, '2024-11-20 22:38:04'),
(195, 62, 9, 92, 1, 0, '2024-11-20 22:38:05'),
(196, 51, 9, 92, 2, 0, '2024-11-20 22:38:24'),
(197, 232, 9, 96, 2, 0, '2024-11-20 22:38:29'),
(198, 794, 9, 92, 3, 0, '2024-11-20 22:38:51'),
(199, 390, 9, 96, 3, 0, '2024-11-20 22:40:08'),
(200, 795, 9, 94, 1, 0, '2024-11-20 22:40:27'),
(201, 793, 9, 97, 1, 0, '2024-11-20 22:40:43'),
(202, 233, 9, 94, 2, 0, '2024-11-20 22:40:48'),
(203, 449, 9, 97, 2, 0, '2024-11-20 22:41:11'),
(204, 393, 9, 97, 3, 0, '2024-11-20 22:41:28'),
(205, 814, 9, 99, 1, 0, '2024-11-20 22:43:07'),
(206, 557, 9, 99, 2, 0, '2024-11-20 22:44:06'),
(207, 231, 9, 84, 1, 0, '2024-11-20 22:49:02'),
(208, 407, 9, 84, 2, 0, '2024-11-20 22:50:48'),
(209, 564, 9, 84, 3, 0, '2024-11-20 22:52:15'),
(210, 735, 9, 100, 1, 1, '2024-11-20 22:55:21'),
(211, 738, 9, 100, 2, 0, '2024-11-20 22:55:48'),
(212, 698, 6, 57, 2, 1, '2024-11-20 22:58:53'),
(213, 227, 6, 57, 2, 1, '2024-11-20 22:59:49'),
(214, 267, 6, 57, 3, 0, '2024-11-20 23:00:17'),
(215, 201, 6, 58, 1, 0, '2024-11-20 23:03:11'),
(216, 693, 6, 58, 2, 0, '2024-11-20 23:03:39'),
(217, 501, 6, 58, 3, 0, '2024-11-20 23:04:15'),
(218, 445, 7, 65, 1, 0, '2024-11-20 23:10:05'),
(219, 443, 7, 65, 2, 0, '2024-11-20 23:10:51'),
(220, 767, 7, 65, 3, 0, '2024-11-20 23:14:28'),
(221, 527, 7, 66, 2, 0, '2024-11-20 23:14:59'),
(222, 582, 7, 67, 1, 0, '2024-11-20 23:15:45'),
(223, 712, 7, 67, 2, 0, '2024-11-20 23:16:22'),
(224, 213, 6, 62, 1, 0, '2024-11-20 23:21:26'),
(225, 211, 6, 62, 2, 0, '2024-11-20 23:22:13'),
(226, 215, 6, 62, 3, 1, '2024-11-20 23:22:41'),
(227, 329, 6, 62, 3, 1, '2024-11-20 23:23:30'),
(228, 820, 6, 61, 2, 0, '2024-11-20 23:30:13');

-- --------------------------------------------------------

--
-- Estructura de tabla para la tabla `tb_inscripcion`
--

CREATE TABLE `tb_inscripcion` (
  `id_inscri` int(11) NOT NULL,
  `id_participante` int(11) NOT NULL,
  `id_orquidea` int(11) NOT NULL,
  `correlativo` varchar(150) NOT NULL
) ENGINE=InnoDB DEFAULT CHARSET=utf8mb4 COLLATE=utf8mb4_unicode_ci;

--
-- Volcado de datos para la tabla `tb_inscripcion`
--

INSERT INTO `tb_inscripcion` (`id_inscri`, `id_participante`, `id_orquidea`, `correlativo`) VALUES
(1, 57, 821, '1'),
(2, 57, 822, '2'),
(3, 57, 823, '3'),
(4, 57, 824, '4'),
(5, 57, 825, '5'),
(6, 57, 826, '6'),
(7, 58, 827, '7'),
(8, 58, 828, '8'),
(9, 58, 829, '9'),
(10, 58, 830, '10'),
(11, 58, 831, '11'),
(12, 59, 833, '12'),
(13, 59, 834, '13'),
(14, 59, 835, '14'),
(15, 59, 836, '15'),
(16, 59, 837, '16'),
(17, 59, 838, '17'),
(18, 59, 840, '18'),
(19, 59, 841, '19'),
(20, 32, 832, '20'),
(21, 32, 839, '21'),
(22, 32, 842, '22'),
(23, 32, 843, '23'),
(24, 32, 844, '24'),
(25, 32, 845, '25'),
(26, 32, 848, '26'),
(27, 32, 846, '27'),
(28, 32, 847, '28'),
(29, 32, 849, '29'),
(30, 32, 850, '30'),
(31, 32, 851, '31'),
(32, 32, 852, '32'),
(33, 32, 853, '33'),
(34, 32, 854, '34'),
(35, 61, 855, '35'),
(36, 61, 856, '36'),
(37, 61, 857, '37'),
(38, 62, 860, '38'),
(39, 62, 861, '39'),
(40, 62, 863, '40'),
(41, 62, 864, '41'),
(42, 62, 865, '42'),
(43, 62, 867, '43'),
(44, 62, 869, '44'),
(45, 62, 871, '45'),
(46, 62, 873, '46'),
(47, 62, 874, '47'),
(48, 62, 876, '48'),
(49, 62, 878, '49'),
(50, 62, 879, '50'),
(51, 62, 901, '51'),
(52, 6, 881, '90'),
(53, 6, 882, '91'),
(54, 6, 883, '92'),
(55, 6, 884, '93'),
(56, 6, 885, '94'),
(57, 6, 888, '95'),
(58, 6, 889, '96'),
(59, 6, 890, '97'),
(60, 6, 891, '98'),
(61, 6, 892, '99'),
(62, 6, 894, '100'),
(63, 6, 895, '101'),
(64, 6, 899, '102'),
(65, 6, 900, '103'),
(66, 6, 902, '104'),
(67, 6, 903, '105'),
(68, 6, 908, '106'),
(69, 6, 910, '107'),
(70, 6, 916, '108'),
(71, 6, 920, '109'),
(72, 6, 922, '110'),
(73, 63, 924, '83'),
(74, 63, 925, '84'),
(75, 63, 926, '85'),
(76, 63, 927, '86'),
(77, 63, 928, '87'),
(78, 50, 859, '52'),
(79, 50, 858, '53'),
(80, 50, 862, '54'),
(81, 50, 866, '55'),
(82, 50, 868, '56'),
(83, 50, 870, '57'),
(84, 50, 872, '58'),
(85, 50, 875, '59'),
(86, 50, 877, '60'),
(87, 50, 880, '61'),
(88, 50, 886, '62'),
(89, 50, 887, '63'),
(90, 50, 893, '64'),
(91, 50, 896, '65'),
(92, 50, 897, '66'),
(93, 50, 898, '67'),
(94, 50, 904, '68'),
(95, 50, 905, '69'),
(96, 50, 906, '70'),
(97, 50, 907, '71'),
(98, 50, 909, '72'),
(99, 50, 629, '73'),
(100, 50, 630, '74'),
(101, 50, 911, '75'),
(102, 50, 912, '76'),
(103, 50, 913, '77'),
(104, 50, 917, '78'),
(105, 50, 918, '79'),
(106, 50, 919, '80'),
(107, 50, 921, '81'),
(108, 50, 923, '82'),
(109, 15, 929, '88'),
(110, 15, 930, '89'),
(111, 19, 931, '139'),
(112, 19, 932, '140'),
(113, 19, 933, '141'),
(114, 19, 936, '142'),
(115, 19, 760, '143'),
(116, 19, 943, '144'),
(117, 64, 935, '132'),
(118, 64, 940, '133'),
(119, 64, 947, '134'),
(120, 64, 949, '135'),
(121, 64, 952, '136'),
(122, 64, 954, '137'),
(123, 64, 956, '138'),
(124, 20, 962, '145'),
(125, 20, 964, '146'),
(126, 20, 212, '147'),
(127, 20, 970, '148'),
(128, 65, 963, '149'),
(129, 65, 968, '151'),
(130, 65, 971, '152'),
(131, 65, 972, '153'),
(132, 65, 973, '154'),
(133, 65, 975, '155'),
(134, 65, 968, '151'),
(135, 54, 934, '111'),
(136, 54, 938, '112'),
(137, 54, 937, '113'),
(138, 54, 941, '114'),
(139, 54, 942, '115'),
(140, 54, 944, '116'),
(141, 54, 945, '117'),
(142, 54, 946, '118'),
(143, 54, 948, '119'),
(144, 54, 713, '120'),
(145, 54, 951, '121'),
(146, 54, 953, '122'),
(147, 54, 955, '123'),
(148, 54, 957, '124'),
(149, 54, 958, '125'),
(150, 54, 959, '126'),
(151, 54, 960, '130'),
(152, 54, 793, '127'),
(153, 54, 965, '128'),
(154, 54, 969, '129'),
(155, 54, 974, '131'),
(156, 2, 977, '156'),
(157, 2, 978, '157'),
(158, 2, 979, '158'),
(159, 2, 980, '159'),
(160, 2, 981, '160'),
(161, 2, 988, '161'),
(162, 2, 989, '162'),
(163, 2, 982, '163'),
(164, 2, 990, '164'),
(165, 2, 983, '165'),
(166, 2, 984, '166'),
(167, 2, 985, '167'),
(168, 2, 986, '168'),
(169, 2, 987, '169'),
(170, 66, 991, '170'),
(171, 67, 1005, '203'),
(172, 66, 1015, '204'),
(173, 7, 992, '171'),
(174, 7, 993, '172'),
(175, 7, 994, '173'),
(176, 7, 995, '174'),
(177, 7, 996, '175'),
(178, 7, 998, '176'),
(179, 7, 1000, '177'),
(180, 7, 1002, '178'),
(181, 7, 1003, '179'),
(182, 7, 1004, '180'),
(183, 7, 1007, '181'),
(184, 7, 1009, '182'),
(185, 7, 1010, '183'),
(186, 7, 1011, '184'),
(187, 7, 1012, '185'),
(188, 7, 1013, '186'),
(189, 7, 1014, '187'),
(190, 7, 1017, '188'),
(191, 7, 1018, '189'),
(192, 7, 1020, '190'),
(193, 7, 997, '202'),
(194, 7, 999, '201'),
(195, 7, 1001, '200'),
(196, 7, 1006, '199'),
(197, 7, 1008, '198'),
(198, 7, 1016, '197'),
(199, 7, 1019, '196'),
(200, 7, 1021, '195'),
(201, 7, 1025, '194'),
(202, 7, 1022, '193'),
(203, 7, 1023, '192'),
(204, 7, 1024, '191'),
(205, 7, 1026, '205'),
(206, 7, 1027, '206'),
(207, 1, 6, '20'),
(208, 1, 6, '20'),
(209, 1, 6, '20'),
(210, 1, 6, '20');

-- --------------------------------------------------------

--
-- Estructura de tabla para la tabla `tb_municipio`
--

CREATE TABLE `tb_municipio` (
  `id_municipio` int(11) NOT NULL,
  `id_departamento` int(11) NOT NULL,
  `nombre_municipio` varchar(100) NOT NULL
) ENGINE=InnoDB DEFAULT CHARSET=utf8mb4 COLLATE=utf8mb4_general_ci;

--
-- Volcado de datos para la tabla `tb_municipio`
--

INSERT INTO `tb_municipio` (`id_municipio`, `id_departamento`, `nombre_municipio`) VALUES
(1, 1, 'Cobán'),
(2, 1, 'Santa Cruz Verapaz'),
(3, 1, 'San Cristóbal Verapaz'),
(4, 1, 'Tactic'),
(5, 1, 'Tamahú'),
(6, 1, 'Tucurú'),
(7, 1, 'Panzós'),
(8, 1, 'Senahú'),
(9, 1, 'San Pedro Carchá'),
(10, 1, 'San Juan Chamelco'),
(11, 1, 'Lanquín'),
(12, 1, 'Cahabón'),
(13, 1, 'Chisec'),
(14, 1, 'Chahal'),
(15, 1, 'Fray Bartolomé de las Casas'),
(16, 1, 'Santa Catalina La Tinta'),
(17, 2, 'Salamá'),
(18, 2, 'San Miguel Chicaj'),
(19, 2, 'Rabinal'),
(20, 2, 'Cubulco'),
(21, 2, 'Granados'),
(22, 2, 'El Chol'),
(23, 2, 'Purulhá'),
(24, 3, 'Chimaltenango'),
(25, 3, 'San José Poaquil'),
(26, 3, 'San Martín Jilotepeque'),
(27, 3, 'San Juan Comalapa'),
(28, 3, 'Santa Apolonia'),
(29, 3, 'Tecpán Guatemala'),
(30, 3, 'Patzún'),
(31, 3, 'Pochuta'),
(32, 3, 'Patzicía'),
(33, 3, 'Santa Cruz Balanyá'),
(34, 3, 'Acatenango'),
(35, 3, 'Yepocapa'),
(36, 3, 'San Andrés Itzapa'),
(37, 3, 'Parramos'),
(38, 3, 'Zaragoza'),
(39, 3, 'El Tejar'),
(40, 4, 'Chiquimula'),
(41, 4, 'San José La Arada'),
(42, 4, 'San Juan Ermita'),
(43, 4, 'Jocotán'),
(44, 4, 'Camotán'),
(45, 4, 'Olopa'),
(46, 4, 'Esquipulas'),
(47, 4, 'Concepción Las Minas'),
(48, 4, 'Quezaltepeque'),
(49, 4, 'San Jacinto'),
(50, 4, 'Ipala'),
(51, 5, 'Guastatoya'),
(52, 5, 'Morazán'),
(53, 5, 'San Agustín Acasaguastlán'),
(54, 5, 'San Cristóbal Acasaguastlán'),
(55, 5, 'El Jícaro'),
(56, 5, 'Sansare'),
(57, 5, 'Sanarate'),
(58, 5, 'San Antonio La Paz'),
(59, 6, 'Escuintla'),
(60, 6, 'Santa Lucía Cotzumalguapa'),
(61, 6, 'La Democracia'),
(62, 6, 'Siquinalá'),
(63, 6, 'Masagua'),
(64, 6, 'Tiquisate'),
(65, 6, 'La Gomera'),
(66, 6, 'Guanagazapa'),
(67, 6, 'Puerto San José'),
(68, 6, 'Iztapa'),
(69, 6, 'Palín'),
(70, 6, 'San Vicente Pacaya'),
(71, 6, 'Nueva Concepción'),
(72, 7, 'Guatemala'),
(73, 7, 'Santa Catarina Pinula'),
(74, 7, 'San José Pinula'),
(75, 7, 'San José del Golfo'),
(76, 7, 'Palencia'),
(77, 7, 'Chinautla'),
(78, 7, 'San Pedro Ayampuc'),
(79, 7, 'Mixco'),
(80, 7, 'San Pedro Sacatepéquez'),
(81, 7, 'San Juan Sacatepéquez'),
(82, 7, 'San Raymundo'),
(83, 7, 'Chuarrancho'),
(84, 7, 'Fraijanes'),
(85, 7, 'Amatitlán'),
(86, 7, 'Villa Nueva'),
(87, 7, 'Villa Canales'),
(88, 7, 'Petapa'),
(89, 8, 'Huehuetenango'),
(90, 8, 'Chiantla'),
(91, 8, 'Malacatancito'),
(92, 8, 'Cuilco'),
(93, 8, 'Nentón'),
(94, 8, 'San Pedro Necta'),
(95, 8, 'Jacaltenango'),
(96, 8, 'Soloma'),
(97, 8, 'Ixtahuacán'),
(98, 8, 'Santa Bárbara'),
(99, 8, 'La Libertad'),
(100, 8, 'La Democracia'),
(101, 8, 'San Miguel Acatán'),
(102, 8, 'San Rafael La Independencia'),
(103, 8, 'Todos Santos Cuchumatán'),
(104, 8, 'San Juan Atitán'),
(105, 8, 'Santa Eulalia'),
(106, 8, 'San Mateo Ixtatán'),
(107, 8, 'Colotenango'),
(108, 8, 'San Sebastián Huehuetenango'),
(109, 8, 'Tectitán'),
(110, 8, 'Concepción Huista'),
(111, 8, 'San Juan Ixcoy'),
(112, 8, 'San Antonio Huista'),
(113, 8, 'San Sebastián Coatán'),
(114, 8, 'Barillas'),
(115, 8, 'Aguacatán'),
(116, 8, 'San Rafael Petzal'),
(117, 8, 'San Gaspar Ixchil'),
(118, 8, 'Santiago Chimaltenango'),
(119, 8, 'Santa Ana Huista'),
(120, 9, 'Puerto Barrios'),
(121, 9, 'Livingston'),
(122, 9, 'El Estor'),
(123, 9, 'Morales'),
(124, 9, 'Los Amates'),
(125, 10, 'Jalapa'),
(126, 10, 'San Pedro Pinula'),
(127, 10, 'San Luis Jilotepeque'),
(128, 10, 'San Manuel Chaparrón'),
(129, 10, 'San Carlos Alzatate'),
(130, 10, 'Monjas'),
(131, 10, 'Mataquescuintla'),
(132, 11, 'Jutiapa'),
(133, 11, 'El Progreso'),
(134, 11, 'Santa Catarina Mita'),
(135, 11, 'Agua Blanca'),
(136, 11, 'Asunción Mita'),
(137, 11, 'Yupiltepeque'),
(138, 11, 'Atescatempa'),
(139, 11, 'Jerez'),
(140, 11, 'El Adelanto'),
(141, 11, 'Zapotitlán'),
(142, 11, 'Comapa'),
(143, 11, 'Jalpatagua'),
(144, 11, 'Conguaco'),
(145, 11, 'Moyuta'),
(146, 11, 'Pasaco'),
(147, 11, 'San José Acatempa'),
(148, 11, 'Quezada'),
(149, 12, 'Flores'),
(150, 12, 'San José'),
(151, 12, 'San Benito'),
(152, 12, 'San Andrés'),
(153, 12, 'La Libertad'),
(154, 12, 'San Francisco'),
(155, 12, 'Santa Ana'),
(156, 12, 'Dolores'),
(157, 12, 'San Luis'),
(158, 12, 'Sayaxché'),
(159, 12, 'Melchor de Mencos'),
(160, 12, 'Poptún'),
(161, 13, 'Quetzaltenango'),
(162, 13, 'Salcajá'),
(163, 13, 'Olintepeque'),
(164, 13, 'San Carlos Sija'),
(165, 13, 'Sibilia'),
(166, 13, 'Cabricán'),
(167, 13, 'Cajolá'),
(168, 13, 'San Miguel Sigüilá'),
(169, 13, 'San Juan Ostuncalco'),
(170, 13, 'San Mateo'),
(171, 13, 'Concepción Chiquirichapa'),
(172, 13, 'San Martín Sacatepéquez'),
(173, 13, 'Almolonga'),
(174, 13, 'Cantel'),
(175, 13, 'Huitán'),
(176, 13, 'Zunil'),
(177, 13, 'Colomba'),
(178, 13, 'San Francisco La Unión'),
(179, 13, 'El Palmar'),
(180, 13, 'Coatepeque'),
(181, 13, 'Génova'),
(182, 13, 'Flores Costa Cuca'),
(183, 13, 'La Esperanza'),
(184, 14, 'Santa Cruz del Quiché'),
(185, 14, 'Chiché'),
(186, 14, 'Chinique'),
(187, 14, 'Zacualpa'),
(188, 14, 'Chajul'),
(189, 14, 'Chichicastenango'),
(190, 14, 'Patzité'),
(191, 14, 'San Antonio Ilotenango'),
(192, 14, 'San Pedro Jocopilas'),
(193, 14, 'Cunén'),
(194, 14, 'San Juan Cotzal'),
(195, 14, 'Joyabaj'),
(196, 14, 'Nebaj'),
(197, 14, 'San Andrés Sajcabajá'),
(198, 14, 'Uspantán'),
(199, 14, 'Sacapulas'),
(200, 14, 'San Bartolomé Jocotenango'),
(201, 14, 'Canillá'),
(202, 14, 'Chicaman'),
(203, 14, 'Ixcán'),
(204, 14, 'Pachalum'),
(205, 15, 'Retalhuleu'),
(206, 15, 'San Sebastián'),
(207, 15, 'Santa Cruz Muluá'),
(208, 15, 'San Martín Zapotitlán'),
(209, 15, 'San Felipe'),
(210, 15, 'San Andrés Villa Seca'),
(211, 15, 'Champerico'),
(212, 15, 'Nuevo San Carlos'),
(213, 15, 'El Asintal'),
(214, 16, 'Antigua Guatemala'),
(215, 16, 'Jocotenango'),
(216, 16, 'Pastores'),
(217, 16, 'Sumpango'),
(218, 16, 'Santo Domingo Xenacoj'),
(219, 16, 'Santiago Sacatepéquez'),
(220, 16, 'San Bartolomé Milpas Altas'),
(221, 16, 'San Lucas Sacatepéquez'),
(222, 16, 'Santa Lucía Milpas Altas'),
(223, 16, 'Magdalena Milpas Altas'),
(224, 16, 'Santa María de Jesús'),
(225, 16, 'Ciudad Vieja'),
(226, 16, 'San Miguel Dueñas'),
(227, 16, 'Alotenango'),
(228, 16, 'San Antonio Aguas Calientes'),
(229, 16, 'Santa Catarina Barahona'),
(230, 17, 'San Marcos'),
(231, 17, 'San Pedro Sacatepéquez'),
(232, 17, 'San Antonio Sacatepéquez'),
(233, 17, 'Comitancillo'),
(234, 17, 'San Miguel Ixtahuacán'),
(235, 17, 'Concepción Tutuapa'),
(236, 17, 'Tacaná'),
(237, 17, 'Sibinal'),
(238, 17, 'Tajumulco'),
(239, 17, 'Tejutla'),
(240, 17, 'San Rafael Pie de la Cuesta'),
(241, 17, 'Nuevo Progreso'),
(242, 17, 'El Tumbador'),
(243, 17, 'El Rodeo'),
(244, 17, 'Malacatán'),
(245, 17, 'Catarina'),
(246, 17, 'Ayutla'),
(247, 17, 'Ocos'),
(248, 17, 'San Pablo'),
(249, 17, 'El Quetzal'),
(250, 17, 'La Reforma'),
(251, 17, 'Pajapita'),
(252, 17, 'Ixchiguán'),
(253, 17, 'San José Ojetenam'),
(254, 17, 'San Cristóbal Cucho'),
(255, 17, 'Sipacapa'),
(256, 17, 'Esquipulas Palo Gordo'),
(257, 17, 'Río Blanco'),
(258, 17, 'San Lorenzo'),
(259, 18, 'Cuilapa'),
(260, 18, 'Barberena'),
(261, 18, 'Santa Rosa de Lima'),
(262, 18, 'Casillas'),
(263, 18, 'San Rafael Las Flores'),
(264, 18, 'Oratorio'),
(265, 18, 'San Juan Tecuaco'),
(266, 18, 'Chiquimulilla'),
(267, 18, 'Taxisco'),
(268, 18, 'Santa María Ixhuatán'),
(269, 18, 'Guazacapán'),
(270, 18, 'Santa Cruz Naranjo'),
(271, 18, 'Pueblo Nuevo Viñas'),
(272, 18, 'Nueva Santa Rosa'),
(273, 19, 'Sololá'),
(274, 19, 'San José Chacayá'),
(275, 19, 'Santa María Visitación'),
(276, 19, 'Santa Lucía Utatlán'),
(277, 19, 'Nahualá'),
(278, 19, 'Santa Catarina Ixtahuacán'),
(279, 19, 'Santa Clara La Laguna'),
(280, 19, 'Concepción'),
(281, 19, 'San Andrés Semetabaj'),
(282, 19, 'Panajachel'),
(283, 19, 'Santa Catarina Palopó'),
(284, 19, 'San Antonio Palopó'),
(285, 19, 'San Lucas Tolimán'),
(286, 19, 'Santa Cruz La Laguna'),
(287, 19, 'San Pablo La Laguna'),
(288, 19, 'San Marcos La Laguna'),
(289, 19, 'San Juan La Laguna'),
(290, 19, 'San Pedro La Laguna'),
(291, 19, 'Santiago Atitlán'),
(292, 20, 'Mazatenango'),
(293, 20, 'Cuyotenango'),
(294, 20, 'San Francisco Zapotitlán'),
(295, 20, 'San Bernardino'),
(296, 20, 'San José El Idolo'),
(297, 20, 'Santo Domingo Suchitepéquez'),
(298, 20, 'San Lorenzo'),
(299, 20, 'Samayac'),
(300, 20, 'San Pablo Jocopilas'),
(301, 20, 'San Antonio Suchitepéquez'),
(302, 20, 'San Miguel Panán'),
(303, 20, 'Zunilito'),
(304, 20, 'Pueblo Nuevo'),
(305, 20, 'Río Bravo'),
(306, 20, 'Santa Bárbara'),
(307, 20, 'San Gabriel'),
(308, 20, 'Chicacao'),
(309, 20, 'Patulul'),
(310, 20, 'Santa Lucía Cotzumalguapa'),
(311, 21, 'Totonicapán'),
(312, 21, 'San Cristóbal Totonicapán'),
(313, 21, 'San Francisco El Alto'),
(314, 21, 'San Andrés Xecul'),
(315, 21, 'Momostenango'),
(316, 21, 'Santa María Chiquimula'),
(317, 21, 'Santa Lucía La Reforma'),
(318, 22, 'Zacapa'),
(319, 22, 'Estanzuela'),
(320, 22, 'Río Hondo'),
(321, 22, 'Gualán'),
(322, 22, 'Teculután'),
(323, 22, 'Usumatlán'),
(324, 22, 'Cabañas'),
(325, 22, 'San Diego'),
(326, 22, 'La Unión'),
(327, 22, 'Huité');

-- --------------------------------------------------------

--
-- Estructura de tabla para la tabla `tb_orquidea`
--

CREATE TABLE `tb_orquidea` (
  `id_orquidea` int(11) NOT NULL,
  `nombre_planta` varchar(255) DEFAULT NULL,
  `origen` varchar(255) DEFAULT NULL,
  `foto` blob DEFAULT NULL,
  `id_grupo` int(11) NOT NULL,
  `id_clase` int(11) NOT NULL,
  `qr_code` blob DEFAULT NULL,
  `codigo_orquidea` varchar(255) DEFAULT NULL,
  `id_participante` int(11) DEFAULT NULL,
  `fecha_creacion` timestamp NOT NULL DEFAULT current_timestamp(),
  `fecha_actualizacion` timestamp NOT NULL DEFAULT current_timestamp() ON UPDATE current_timestamp()
) ENGINE=InnoDB DEFAULT CHARSET=utf8mb4 COLLATE=utf8mb4_general_ci;

--
-- Volcado de datos para la tabla `tb_orquidea`
--

INSERT INTO `tb_orquidea` (`id_orquidea`, `nombre_planta`, `origen`, `foto`, `id_grupo`, `id_clase`, `qr_code`, `codigo_orquidea`, `id_participante`, `fecha_creacion`, `fecha_actualizacion`) VALUES
(1, 'Lycaste virginalis ', 'Especie', NULL, 4, 19, 0x3230323431313037323134323335305f71722e706e67, '202411072142350', 3, '2024-11-07 21:42:35', '2024-11-07 21:42:35'),
(2, 'Lycaste virginalis ', 'Especie', NULL, 4, 19, 0x3230323431313037323134323335315f71722e706e67, '202411072142351', 3, '2024-11-07 21:42:35', '2024-11-07 21:42:35'),
(3, 'Lycaste virginalis', 'Especie', NULL, 4, 21, 0x3230323431313037323231323031305f71722e706e67, '202411072212010', 4, '2024-11-07 22:12:01', '2024-11-07 22:12:01'),
(4, 'Lycaste virginalis', 'Especie', NULL, 4, 21, 0x3230323431313037323231323031315f71722e706e67, '202411072212011', 4, '2024-11-07 22:12:01', '2024-11-07 22:12:01'),
(5, 'lycaste', 'Especie', NULL, 4, 20, 0x3230323431313130323032393335305f71722e706e67, '202411102029350', 5, '2024-11-10 20:29:35', '2024-11-10 20:29:35'),
(6, 'Phalanopsis blanca', 'Hibrida', NULL, 7, 69, 0x3230323431313130323132363532305f71722e706e67, '202411102126520', 1, '2024-11-10 21:26:52', '2024-11-20 01:43:53'),
(7, 'Onicidium javieri', 'Especie', NULL, 5, 46, 0x3230323431313130323132373533305f71722e706e67, '202411102127530', 1, '2024-11-10 21:27:53', '2024-11-20 04:59:02'),
(8, 'Prueba/ Lycaste Lassioglossa', 'Especie', NULL, 4, 27, 0x3230323431313130323134313134305f71722e706e67, '202411102141140', 6, '2024-11-10 21:41:14', '2024-11-10 21:41:14'),
(9, 'Monja negra', 'Especie', NULL, 4, 20, 0x3230323431313130323335323431305f71722e706e67, '202411102352410', 9, '2024-11-10 23:52:41', '2024-11-16 19:10:40'),
(10, 'Monja blanca', 'Especie', NULL, 4, 20, 0x3230323431313130323335323431315f71722e706e67, '202411102352411', 9, '2024-11-10 23:52:41', '2024-11-10 23:52:41'),
(11, 'Monja blanca', 'Especie', NULL, 4, 20, 0x3230323431313130323335323431325f71722e706e67, '202411102352412', 9, '2024-11-10 23:52:41', '2024-11-10 23:52:41'),
(12, 'Moradito', 'Especie', NULL, 9, 83, 0x3230323431313131313633393438305f71722e706e67, '202411111639480', 9, '2024-11-11 16:39:48', '2024-11-11 16:39:48'),
(13, 'Moradito', 'Especie', NULL, 9, 83, 0x3230323431313131313633393438315f71722e706e67, '202411111639481', 9, '2024-11-11 16:39:48', '2024-11-11 16:39:48'),
(14, 'Cattleya', 'Especie', NULL, 3, 16, 0x3230323431313131313833333335305f71722e706e67, '202411111833350', 9, '2024-11-11 18:33:35', '2024-11-11 18:33:35'),
(15, 'Paphiopedilum Leeanum - (Paph. ispicerianum x insigne)', 'Hibrida', NULL, 6, 60, 0x3230323431313132313435373033305f71722e706e67, '202411121457030', 6, '2024-11-12 14:57:03', '2024-11-16 17:58:10'),
(16, 'Paphiopedilum Leeanum - (Paph. ispicerianum x insigne)', 'Hibrida', NULL, 6, 60, 0x3230323431313132313435373033315f71722e706e67, '202411121457031', 6, '2024-11-12 14:57:03', '2024-11-16 17:58:30'),
(17, 'Paphiopedilum Leeanum - (Paph. ispicerianum x insigne)', 'Hibrida', NULL, 6, 60, 0x3230323431313132313435373033325f71722e706e67, '202411121457032', 6, '2024-11-12 14:57:03', '2024-11-16 17:59:13'),
(18, 'Paphiopedilum Leeanum - (Paph. ispicerianum x insigne)', 'Hibrida', NULL, 6, 60, 0x3230323431313132313435373033335f71722e706e67, '202411121457033', 6, '2024-11-12 14:57:03', '2024-11-16 17:59:32'),
(19, 'Paphiopedilum Leeanum - (Paph. ispicerianum x insigne)', 'Hibrida', NULL, 6, 60, 0x3230323431313132313435373033345f71722e706e67, '202411121457034', 6, '2024-11-12 14:57:03', '2024-11-16 17:59:51'),
(20, 'Paphiopedilum Leeanum - (Paph. ispicerianum x insigne)', 'Hibrida', NULL, 6, 60, 0x3230323431313132313435373033355f71722e706e67, '202411121457035', 6, '2024-11-12 14:57:03', '2024-11-16 18:00:06'),
(21, 'Pleurothallis Cardiothallis', 'Especie', NULL, 9, 84, 0x3230323431313132313435383535305f71722e706e67, '202411121458550', 6, '2024-11-12 14:58:55', '2024-11-16 18:02:06'),
(22, 'Pleurothallis Cardiothallis', 'Especie', NULL, 9, 84, 0x3230323431313132313435383535315f71722e706e67, '202411121458551', 6, '2024-11-12 14:58:55', '2024-11-16 18:02:25'),
(23, 'Pleurothallis cardiothallis', 'Especie', NULL, 9, 84, 0x3230323431313132313435383535325f71722e706e67, '202411121458552', 6, '2024-11-12 14:58:55', '2024-11-16 18:02:47'),
(24, 'Pleurothallis cardiothallis', 'Especie', NULL, 9, 84, 0x3230323431313132313435383535335f71722e706e67, '202411121458553', 6, '2024-11-12 14:58:55', '2024-11-16 18:03:02'),
(25, 'Pleurothallis cardiothallis', 'Especie', NULL, 9, 84, 0x3230323431313132313435383535345f71722e706e67, '202411121458554', 6, '2024-11-12 14:58:55', '2024-11-16 18:03:22'),
(26, 'Pleurothallis cardiothallis', 'Especie', NULL, 9, 84, 0x3230323431313132313435383535355f71722e706e67, '202411121458555', 6, '2024-11-12 14:58:55', '2024-11-16 18:03:51'),
(27, 'Oncidium maculatum', 'Especie', NULL, 5, 46, 0x3230323431313132313435393536305f71722e706e67, '202411121459560', 6, '2024-11-12 14:59:56', '2024-11-16 17:55:10'),
(28, 'Oncidium maculatum', 'Especie', NULL, 5, 46, 0x3230323431313132313435393536315f71722e706e67, '202411121459561', 6, '2024-11-12 14:59:56', '2024-11-16 17:55:31'),
(29, 'Oncidium maculatum', 'Especie', NULL, 5, 46, 0x3230323431313132313435393536325f71722e706e67, '202411121459562', 6, '2024-11-12 14:59:56', '2024-11-16 17:55:44'),
(30, 'Oncidium maculatum', 'Especie', NULL, 5, 46, 0x3230323431313132313435393536335f71722e706e67, '202411121459563', 6, '2024-11-12 14:59:56', '2024-11-16 17:55:58'),
(31, 'Stelis anagraciae', 'Especie', NULL, 9, 88, 0x3230323431313132313532363137305f71722e706e67, '202411121526170', 6, '2024-11-12 15:26:17', '2024-11-16 18:04:49'),
(32, 'Stelis anagraciae', 'Especie', NULL, 9, 88, 0x3230323431313132313532363137315f71722e706e67, '202411121526171', 6, '2024-11-12 15:26:17', '2024-11-16 18:05:15'),
(33, 'Stelis anagraciae', 'Especie', NULL, 9, 88, 0x3230323431313132313532363137325f71722e706e67, '202411121526172', 6, '2024-11-12 15:26:17', '2024-11-16 18:06:51'),
(34, 'Lycaste lassioglossa', 'Especie', NULL, 4, 27, 0x3230323431313132313532373233305f71722e706e67, '202411121527230', 6, '2024-11-12 15:27:23', '2024-11-12 15:27:23'),
(35, 'Lycaste lassioglossa', 'Especie', NULL, 4, 27, 0x3230323431313132313532373233315f71722e706e67, '202411121527231', 6, '2024-11-12 15:27:23', '2024-11-12 15:27:23'),
(36, 'Lycaste lassioglossa', 'Especie', NULL, 4, 27, 0x3230323431313132313532373233325f71722e706e67, '202411121527232', 6, '2024-11-12 15:27:23', '2024-11-12 15:27:23'),
(37, 'Maxillaria variabilis', 'Especie', NULL, 4, 36, 0x3230323431313132313532383534305f71722e706e67, '202411121528540', 6, '2024-11-12 15:28:54', '2024-11-12 15:28:54'),
(38, 'Maxillaria variabilis', 'Especie', NULL, 4, 36, 0x3230323431313132313532383534315f71722e706e67, '202411121528541', 6, '2024-11-12 15:28:54', '2024-11-12 15:28:54'),
(39, 'Phragmipediun longifolium', 'Especie', NULL, 6, 57, 0x3230323431313132313532393333305f71722e706e67, '202411121529330', 6, '2024-11-12 15:29:33', '2024-11-16 18:00:38'),
(40, 'Phragmipediun longifolium', 'Especie', NULL, 6, 57, 0x3230323431313132313532393333315f71722e706e67, '202411121529331', 6, '2024-11-12 15:29:33', '2024-11-16 18:01:12'),
(41, 'Prosthechea cochleata', 'Especie', NULL, 1, 7, 0x3230323431313132313533313139305f71722e706e67, '202411121531190', 6, '2024-11-12 15:31:19', '2024-11-16 18:07:58'),
(42, 'Prosthechea cochleata', 'Especie', NULL, 1, 7, 0x3230323431313132313533313139315f71722e706e67, '202411121531191', 6, '2024-11-12 15:31:19', '2024-11-16 18:08:11'),
(43, 'Mormolyca moralesii', 'Especie', NULL, 4, 37, 0x3230323431313132313533323334305f71722e706e67, '202411121532340', 6, '2024-11-12 15:32:34', '2024-11-16 17:51:52'),
(44, 'Mormolyca moralesii', 'Especie', NULL, 4, 37, 0x3230323431313132313533323334315f71722e706e67, '202411121532341', 6, '2024-11-12 15:32:34', '2024-11-16 17:52:12'),
(45, 'Barkeria Skinneri', 'Especie', NULL, 1, 5, 0x3230323431313132313533333336305f71722e706e67, '202411121533360', 6, '2024-11-12 15:33:36', '2024-11-16 17:46:19'),
(46, 'Maxillaria variabilis', 'Especie', NULL, 4, 36, 0x3230323431313132313533353239305f71722e706e67, '202411121535290', 6, '2024-11-12 15:35:29', '2024-11-16 17:53:23'),
(47, 'Pleurothallis pansamalae', 'Especie', NULL, 9, 83, 0x3230323431313132313533363036305f71722e706e67, '202411121536060', 6, '2024-11-12 15:36:06', '2024-11-12 15:36:06'),
(48, 'Oncidium javieri', 'Especie', NULL, 5, 46, 0x3230323431313132313533393233305f71722e706e67, '202411121539230', 6, '2024-11-12 15:39:23', '2024-11-16 17:54:22'),
(49, 'Mokara sp', 'Híbrida', NULL, 7, 63, 0x3230323431313136313431303533305f71722e706e67, '202411161410530', 10, '2024-11-16 14:10:53', '2024-11-16 14:10:53'),
(50, 'Pleurothallis racemiflora ', 'Especie', NULL, 9, 83, 0x3230323431313136313433383037305f71722e706e67, '202411161438070', 10, '2024-11-16 14:38:07', '2024-11-16 14:38:07'),
(51, 'Lepanthes stenophylla', 'Especie', NULL, 9, 93, 0x3230323431313136323130353435305f71722e706e67, '202411162105450', 12, '2024-11-16 21:05:45', '2024-11-16 21:05:45'),
(52, 'Lepanthes stenophylla', 'Especie', NULL, 9, 93, 0x3230323431313136323130353435315f71722e706e67, '202411162105451', 12, '2024-11-16 21:05:45', '2024-11-16 21:05:45'),
(53, 'Lepanthes stenophylla', 'Especie', NULL, 9, 93, 0x3230323431313136323130353435325f71722e706e67, '202411162105452', 12, '2024-11-16 21:05:45', '2024-11-16 21:05:45'),
(54, 'Lepanthes stenophylla', 'Especie', NULL, 9, 93, 0x3230323431313136323130353435335f71722e706e67, '202411162105453', 12, '2024-11-16 21:05:45', '2024-11-16 21:05:45'),
(55, 'Lepanthes stenophylla', 'Especie', NULL, 9, 93, 0x3230323431313136323130353435345f71722e706e67, '202411162105454', 12, '2024-11-16 21:05:45', '2024-11-16 21:05:45'),
(56, 'Lepanthes stenophylla', 'Especie', NULL, 9, 93, 0x3230323431313136323130353435355f71722e706e67, '202411162105455', 12, '2024-11-16 21:05:45', '2024-11-16 21:05:45'),
(57, 'Lepanthes stenophylla', 'Especie', NULL, 9, 93, 0x3230323431313136323130353435365f71722e706e67, '202411162105456', 12, '2024-11-16 21:05:45', '2024-11-16 21:05:45'),
(58, 'Lepanthes stenophylla', 'Especie', NULL, 9, 93, 0x3230323431313136323130353435375f71722e706e67, '202411162105457', 12, '2024-11-16 21:05:45', '2024-11-16 21:05:45'),
(59, 'Lepanthes stenophylla', 'Especie', NULL, 9, 93, 0x3230323431313136323130353435385f71722e706e67, '202411162105458', 12, '2024-11-16 21:05:45', '2024-11-16 21:05:45'),
(60, 'Lepanthes stenophylla', 'Especie', NULL, 9, 93, 0x3230323431313136323130353435395f71722e706e67, '202411162105459', 12, '2024-11-16 21:05:45', '2024-11-16 21:05:45'),
(61, 'Lepanthes huehuetenangensis', 'Especie', NULL, 9, 93, 0x3230323431313136323130363434305f71722e706e67, '202411162106440', 12, '2024-11-16 21:06:44', '2024-11-16 21:06:44'),
(62, 'Lepanthes huehuetenangensis', 'Especie', NULL, 9, 93, 0x3230323431313136323130363434315f71722e706e67, '202411162106441', 12, '2024-11-16 21:06:44', '2024-11-16 21:06:44'),
(63, 'Lepanthes huehuetenangensis', 'Especie', NULL, 9, 93, 0x3230323431313136323130363434325f71722e706e67, '202411162106442', 12, '2024-11-16 21:06:44', '2024-11-16 21:06:44'),
(64, 'Lepanthes huehuetenangensis', 'Especie', NULL, 9, 93, 0x3230323431313136323130363434335f71722e706e67, '202411162106443', 12, '2024-11-16 21:06:44', '2024-11-16 21:06:44'),
(65, 'Lepanthes huehuetenangensis', 'Especie', NULL, 9, 93, 0x3230323431313136323130363434345f71722e706e67, '202411162106444', 12, '2024-11-16 21:06:44', '2024-11-16 21:06:44'),
(66, 'Lepanthes huehuetenangensis', 'Especie', NULL, 9, 93, 0x3230323431313136323130363434355f71722e706e67, '202411162106445', 12, '2024-11-16 21:06:44', '2024-11-16 21:06:44'),
(67, 'Lepanthes huehuetenangensis', 'Especie', NULL, 9, 93, 0x3230323431313136323130363434365f71722e706e67, '202411162106446', 12, '2024-11-16 21:06:44', '2024-11-16 21:06:44'),
(68, 'Lepanthes huehuetenangensis', 'Especie', NULL, 9, 93, 0x3230323431313136323130363434375f71722e706e67, '202411162106447', 12, '2024-11-16 21:06:44', '2024-11-16 21:06:44'),
(69, 'Lepanthes huehuetenangensis', 'Especie', NULL, 9, 93, 0x3230323431313136323130363434385f71722e706e67, '202411162106448', 12, '2024-11-16 21:06:44', '2024-11-16 21:06:44'),
(70, 'Lepanthes systole', 'Especie', NULL, 9, 93, 0x3230323431313136323130373138305f71722e706e67, '202411162107180', 12, '2024-11-16 21:07:18', '2024-11-16 21:07:18'),
(71, 'Lepanthes appendiculata', 'Especie', NULL, 9, 94, 0x3230323431313136323130383038305f71722e706e67, '202411162108080', 12, '2024-11-16 21:08:08', '2024-11-16 21:08:08'),
(72, 'Lepanthes johnsonii', 'Especie', NULL, 9, 92, 0x3230323431313136323130383431305f71722e706e67, '202411162108410', 12, '2024-11-16 21:08:41', '2024-11-16 21:08:41'),
(73, 'Lepanthes acuminata', 'Especie', NULL, 9, 94, 0x3230323431313136323132303531305f71722e706e67, '202411162120510', 12, '2024-11-16 21:20:51', '2024-11-20 03:06:23'),
(74, 'Lankesteriana abbreviata', 'Especie', NULL, 9, 91, 0x3230323431313136323132323237305f71722e706e67, '202411162122270', 12, '2024-11-16 21:22:27', '2024-11-16 21:22:27'),
(75, 'Plastystele pedicellarias', 'Especie', NULL, 9, 90, 0x3230323431313136323132333334305f71722e706e67, '202411162123340', 12, '2024-11-16 21:23:34', '2024-11-16 21:23:34'),
(76, 'Plastystele pedicellarias', 'Especie', NULL, 9, 90, 0x3230323431313136323132333334315f71722e706e67, '202411162123341', 12, '2024-11-16 21:23:34', '2024-11-16 21:23:34'),
(77, 'Plastystele pedicellarias', 'Especie', NULL, 9, 90, 0x3230323431313136323132333334325f71722e706e67, '202411162123342', 12, '2024-11-16 21:23:34', '2024-11-16 21:23:34'),
(78, 'Plastystele pedicellarias', 'Especie', NULL, 9, 90, 0x3230323431313136323132333334335f71722e706e67, '202411162123343', 12, '2024-11-16 21:23:34', '2024-11-16 21:23:34'),
(79, 'Plastystele pedicellarias', 'Especie', NULL, 9, 90, 0x3230323431313136323132333334345f71722e706e67, '202411162123344', 12, '2024-11-16 21:23:34', '2024-11-16 21:23:34'),
(80, 'Plastystele pedicellarias', 'Especie', NULL, 9, 90, 0x3230323431313136323132333334355f71722e706e67, '202411162123345', 12, '2024-11-16 21:23:34', '2024-11-16 21:23:34'),
(81, 'Lepanthes samacensis', 'Especie', NULL, 9, 93, 0x3230323431313136323132333536305f71722e706e67, '202411162123560', 12, '2024-11-16 21:23:56', '2024-11-16 21:23:56'),
(82, 'Platystele jungermannioides', 'Especie', NULL, 9, 90, 0x3230323431313136323132343336305f71722e706e67, '202411162124360', 12, '2024-11-16 21:24:36', '2024-11-16 21:24:36'),
(83, 'Lepanthes guatemalensis', 'Especie', NULL, 9, 92, 0x3230323431313136323132353230305f71722e706e67, '202411162125200', 12, '2024-11-16 21:25:20', '2024-11-16 21:25:20'),
(84, 'Platystele compacta', 'Especie', NULL, 9, 90, 0x3230323431313136323132353539305f71722e706e67, '202411162125590', 12, '2024-11-16 21:25:59', '2024-11-16 21:25:59'),
(85, 'Platystele compacta', 'Especie', NULL, 9, 90, 0x3230323431313136323132353539315f71722e706e67, '202411162125591', 12, '2024-11-16 21:25:59', '2024-11-16 21:25:59'),
(86, 'Stelis microchila', 'Especie', NULL, 9, 88, 0x3230323431313136323132363237305f71722e706e67, '202411162126270', 12, '2024-11-16 21:26:27', '2024-11-16 21:26:27'),
(87, 'Stelis microchila', 'Especie', NULL, 9, 88, 0x3230323431313136323132363237315f71722e706e67, '202411162126271', 12, '2024-11-16 21:26:27', '2024-11-16 21:26:27'),
(88, 'Stelis microchila', 'Especie', NULL, 9, 88, 0x3230323431313136323132363237325f71722e706e67, '202411162126272', 12, '2024-11-16 21:26:27', '2024-11-16 21:26:27'),
(89, 'Stelis microchila', 'Especie', NULL, 9, 88, 0x3230323431313136323132363237335f71722e706e67, '202411162126273', 12, '2024-11-16 21:26:27', '2024-11-16 21:26:27'),
(90, 'Stelis microchila', 'Especie', NULL, 9, 88, 0x3230323431313136323132363237345f71722e706e67, '202411162126274', 12, '2024-11-16 21:26:27', '2024-11-16 21:26:27'),
(91, 'Stelis microchila', 'Especie', NULL, 9, 88, 0x3230323431313136323132363237355f71722e706e67, '202411162126275', 12, '2024-11-16 21:26:27', '2024-11-16 21:26:27'),
(92, 'Stelis microchila', 'Especie', NULL, 9, 88, 0x3230323431313136323132363237365f71722e706e67, '202411162126276', 12, '2024-11-16 21:26:27', '2024-11-16 21:26:27'),
(93, 'Stelis microchila', 'Especie', NULL, 9, 88, 0x3230323431313136323132363237375f71722e706e67, '202411162126277', 12, '2024-11-16 21:26:27', '2024-11-16 21:26:27'),
(94, 'Stelis microchila', 'Especie', NULL, 9, 88, 0x3230323431313136323132363237385f71722e706e67, '202411162126278', 12, '2024-11-16 21:26:27', '2024-11-16 21:26:27'),
(95, 'Pleurothallis correllii', 'Especie', NULL, 9, 83, 0x3230323431313136323132373031305f71722e706e67, '202411162127010', 12, '2024-11-16 21:27:01', '2024-11-16 21:27:01'),
(96, 'Pleurothallis correllii', 'Especie', NULL, 9, 83, 0x3230323431313136323132373031315f71722e706e67, '202411162127011', 12, '2024-11-16 21:27:01', '2024-11-16 21:27:01'),
(97, 'Pleurothallis correllii', 'Especie', NULL, 9, 83, 0x3230323431313136323132373031325f71722e706e67, '202411162127012', 12, '2024-11-16 21:27:01', '2024-11-16 21:27:01'),
(98, 'Pleurothallis correllii', 'Especie', NULL, 9, 83, 0x3230323431313136323132373031335f71722e706e67, '202411162127013', 12, '2024-11-16 21:27:01', '2024-11-16 21:27:01'),
(99, 'Pleurothallis correllii', 'Especie', NULL, 9, 83, 0x3230323431313136323132373031345f71722e706e67, '202411162127014', 12, '2024-11-16 21:27:01', '2024-11-16 21:27:01'),
(100, 'Pleurothallis correllii', 'Especie', NULL, 9, 83, 0x3230323431313136323132373031355f71722e706e67, '202411162127015', 12, '2024-11-16 21:27:01', '2024-11-16 21:27:01'),
(101, 'Pleurothallis correllii', 'Especie', NULL, 9, 83, 0x3230323431313136323132373031365f71722e706e67, '202411162127016', 12, '2024-11-16 21:27:01', '2024-11-16 21:27:01'),
(102, 'Pleurothallis correllii', 'Especie', NULL, 9, 83, 0x3230323431313136323132373031375f71722e706e67, '202411162127017', 12, '2024-11-16 21:27:01', '2024-11-16 21:27:01'),
(103, 'Pleurothallis correllii', 'Especie', NULL, 9, 83, 0x3230323431313136323132373031385f71722e706e67, '202411162127018', 12, '2024-11-16 21:27:01', '2024-11-16 21:27:01'),
(104, 'Pleurothallis pansamalae', 'Especie', NULL, 9, 83, 0x3230323431313136323132373332305f71722e706e67, '202411162127320', 12, '2024-11-16 21:27:32', '2024-11-16 21:27:32'),
(105, 'Pleurothallis matudana', 'Especie', NULL, 9, 83, 0x3230323431313136323132383031305f71722e706e67, '202411162128010', 12, '2024-11-16 21:28:01', '2024-11-16 21:28:01'),
(106, 'Pleurothallis matudana', 'Especie', NULL, 9, 83, 0x3230323431313136323132383031315f71722e706e67, '202411162128011', 12, '2024-11-16 21:28:01', '2024-11-16 21:28:01'),
(107, 'Scaphosepalum standleyi', 'Especie', NULL, 9, 89, 0x3230323431313136323132383430305f71722e706e67, '202411162128400', 12, '2024-11-16 21:28:40', '2024-11-16 21:28:40'),
(108, 'Pleurothallis matudana', 'Especie', NULL, 9, 83, 0x3230323431313136323132393036305f71722e706e67, '202411162129060', 12, '2024-11-16 21:29:06', '2024-11-16 21:29:06'),
(109, 'Scaphosepalum microdactylum', 'Especie', NULL, 9, 89, 0x3230323431313136323132393336305f71722e706e67, '202411162129360', 12, '2024-11-16 21:29:36', '2024-11-16 21:29:36'),
(110, 'Dryadella guatemalensis', 'Especie', NULL, 9, 89, 0x3230323431313136323132393537305f71722e706e67, '202411162129570', 12, '2024-11-16 21:29:57', '2024-11-16 21:29:57'),
(111, 'Restrepia sp', 'Especie', NULL, 9, 99, 0x3230323431313136323133303237305f71722e706e67, '202411162130270', 12, '2024-11-16 21:30:27', '2024-11-16 21:30:27'),
(112, 'Stelis bidentata', 'Especie', NULL, 9, 88, 0x3230323431313136323133303533305f71722e706e67, '202411162130530', 12, '2024-11-16 21:30:53', '2024-11-16 21:30:53'),
(113, 'Stelis bidentata', 'Especie', NULL, 9, 88, 0x3230323431313136323133303533315f71722e706e67, '202411162130531', 12, '2024-11-16 21:30:53', '2024-11-16 21:30:53'),
(114, 'Stelis bidentata', 'Especie', NULL, 9, 88, 0x3230323431313136323133303533325f71722e706e67, '202411162130532', 12, '2024-11-16 21:30:53', '2024-11-16 21:30:53'),
(115, 'Specklinia fueguii', 'Especie', NULL, 9, 97, 0x3230323431313136323133313331305f71722e706e67, '202411162131310', 12, '2024-11-16 21:31:31', '2024-11-16 21:31:31'),
(116, 'Specklinia echinata', 'Especie', NULL, 9, 97, 0x3230323431313136323133323035305f71722e706e67, '202411162132050', 12, '2024-11-16 21:32:05', '2024-11-16 21:32:05'),
(117, 'Pleurothallis cardiothallis', 'Especie', NULL, 9, 84, 0x3230323431313136323133323430305f71722e706e67, '202411162132400', 12, '2024-11-16 21:32:40', '2024-11-20 01:57:21'),
(118, 'Pleurothallis cardiothallis', 'Especie', NULL, 9, 84, 0x3230323431313136323133323430315f71722e706e67, '202411162132401', 12, '2024-11-16 21:32:40', '2024-11-20 01:59:07'),
(119, 'Pleurothallis cardiothallis', 'Especie', NULL, 9, 84, 0x3230323431313136323133323430325f71722e706e67, '202411162132402', 12, '2024-11-16 21:32:40', '2024-11-20 02:00:33'),
(120, 'Pleurothallis cardiothallis', 'Especie', NULL, 9, 84, 0x3230323431313136323133323430335f71722e706e67, '202411162132403', 12, '2024-11-16 21:32:40', '2024-11-20 01:59:46'),
(121, 'Pleurothallis cardiothallis', 'Especie', NULL, 9, 84, 0x3230323431313136323133323430345f71722e706e67, '202411162132404', 12, '2024-11-16 21:32:40', '2024-11-20 01:58:34'),
(122, 'Pleurothallis cardiothallis', 'Especie', NULL, 9, 84, 0x3230323431313136323133323430355f71722e706e67, '202411162132405', 12, '2024-11-16 21:32:40', '2024-11-20 01:58:16'),
(123, 'Pleurothallis cardiothallis', 'Especie', NULL, 9, 84, 0x3230323431313136323133323430365f71722e706e67, '202411162132406', 12, '2024-11-16 21:32:40', '2024-11-20 02:01:23'),
(124, 'Pleurothallis cardiothallis', 'Especie', NULL, 9, 84, 0x3230323431313136323133323430375f71722e706e67, '202411162132407', 12, '2024-11-16 21:32:40', '2024-11-20 01:58:00'),
(125, 'Restrepiella ophiocephala', 'Especie', NULL, 9, 86, 0x3230323431313136323133333133305f71722e706e67, '202411162133130', 12, '2024-11-16 21:33:13', '2024-11-16 21:33:13'),
(126, 'Lycaste virginalis', 'Especie', NULL, 4, 20, 0x3230323431313136323133333435305f71722e706e67, '202411162133450', 12, '2024-11-16 21:33:45', '2024-11-16 21:33:45'),
(127, 'Lycaste virginalis', 'Especie', NULL, 4, 20, 0x3230323431313136323133333435315f71722e706e67, '202411162133451', 12, '2024-11-16 21:33:45', '2024-11-16 21:33:45'),
(128, 'Lycaste virginalis', 'Especie', NULL, 4, 20, 0x3230323431313136323133333435325f71722e706e67, '202411162133452', 12, '2024-11-16 21:33:45', '2024-11-16 21:33:45'),
(129, 'Lycaste virginalis', 'Especie', NULL, 4, 20, 0x3230323431313136323133333435335f71722e706e67, '202411162133453', 12, '2024-11-16 21:33:45', '2024-11-16 21:33:45'),
(130, 'Lycaste virginalis', 'Especie', NULL, 4, 20, 0x3230323431313136323133333435345f71722e706e67, '202411162133454', 12, '2024-11-16 21:33:45', '2024-11-16 21:33:45'),
(131, 'Lycaste virginalis forma superba', 'Especie', NULL, 4, 21, 0x3230323431313136323133343038305f71722e706e67, '202411162134080', 12, '2024-11-16 21:34:08', '2024-11-16 21:34:08'),
(132, 'Stelis megachlamys', 'Especie', NULL, 9, 87, 0x3230323431313136323133353030305f71722e706e67, '202411162135000', 12, '2024-11-16 21:35:00', '2024-11-16 21:35:00'),
(133, 'Stelis stricta', 'Especie', NULL, 9, 87, 0x3230323431313136323133363031305f71722e706e67, '202411162136010', 12, '2024-11-16 21:36:01', '2024-11-16 21:36:01'),
(134, 'Stelis stricta', 'Especie', NULL, 9, 87, 0x3230323431313136323133363031315f71722e706e67, '202411162136011', 12, '2024-11-16 21:36:01', '2024-11-16 21:36:01'),
(135, 'Epidendrum cardiochillum', 'Especie', NULL, 1, 1, 0x3230323431313136323133363432305f71722e706e67, '202411162136420', 12, '2024-11-16 21:36:42', '2024-11-16 21:36:42'),
(136, 'Barkeria skinneri', 'Especie', NULL, 1, 5, 0x3230323431313136323133373131305f71722e706e67, '202411162137110', 12, '2024-11-16 21:37:11', '2024-11-16 21:37:11'),
(137, 'Epidendrum veroscriptum', 'Especie', NULL, 1, 2, 0x3230323431313136323133373338305f71722e706e67, '202411162137380', 12, '2024-11-16 21:37:38', '2024-11-16 21:37:38'),
(138, 'Lycaste virginalis forma alba', 'Especie', NULL, 4, 19, 0x3230323431313136323133383039305f71722e706e67, '202411162138090', 12, '2024-11-16 21:38:09', '2024-11-16 21:38:09'),
(139, 'Pleurothallis leucantha', 'Especie', NULL, 9, 83, 0x3230323431313136323135323535305f71722e706e67, '202411162152550', 12, '2024-11-16 21:52:55', '2024-11-16 21:52:55'),
(140, 'Pleurothallis leucantha', 'Especie', NULL, 9, 83, 0x3230323431313136323135323535315f71722e706e67, '202411162152551', 12, '2024-11-16 21:52:55', '2024-11-16 21:52:55'),
(141, 'Specklinia fueguii', 'Especie', NULL, 9, 97, 0x3230323431313136323135393133305f71722e706e67, '202411162159130', 12, '2024-11-16 21:59:13', '2024-11-16 21:59:13'),
(142, 'Anatomía de Pleurothallis cardiothallis de Alta Verapaz', 'Especie', NULL, 13, 112, 0x3230323431313136323232363532305f71722e706e67, '202411162226520', 13, '2024-11-16 22:26:52', '2024-11-16 22:26:52'),
(143, 'Lycaste Virginalis monja blanca ', 'Especie', NULL, 1, 1, 0x3230323431313136323232363537305f71722e706e67, '202411162226570', 9, '2024-11-16 22:26:57', '2024-11-16 22:26:57'),
(144, 'Lycaste Virginalis monja blanca ', 'Especie', NULL, 1, 1, 0x3230323431313136323232363537315f71722e706e67, '202411162226571', 9, '2024-11-16 22:26:57', '2024-11-16 22:26:57'),
(145, 'Morfología de Pleurothallis cardiothallis de Alta Verapaz', 'Especie', NULL, 13, 112, 0x3230323431313136323233303436305f71722e706e67, '202411162230460', 13, '2024-11-16 22:30:46', '2024-11-16 22:30:46'),
(146, 'Lycaste glassioglosa', 'Especie', NULL, 4, 27, 0x3230323431313136323233363039305f71722e706e67, '202411162236090', 11, '2024-11-16 22:36:09', '2024-11-16 22:36:09'),
(147, 'Lycaste glassioglosa', 'Especie', NULL, 4, 27, 0x3230323431313136323233363039315f71722e706e67, '202411162236091', 11, '2024-11-16 22:36:09', '2024-11-16 22:36:09'),
(148, 'Lycaste glassioglosa', 'Especie', NULL, 4, 27, 0x3230323431313136323233363039325f71722e706e67, '202411162236092', 11, '2024-11-16 22:36:09', '2024-11-16 22:36:09'),
(149, 'Lycaste virginalis forma virginalis', 'Especie', NULL, 4, 20, 0x3230323431313136323233383033305f71722e706e67, '202411162238030', 14, '2024-11-16 22:38:03', '2024-11-16 22:38:03'),
(150, 'Lycaste virginalis forma virginalis', 'Especie', NULL, 4, 20, 0x3230323431313136323233393334305f71722e706e67, '202411162239340', 14, '2024-11-16 22:39:34', '2024-11-16 22:39:34'),
(151, 'Lycaste x michelli', 'Híbrida', NULL, 4, 31, 0x3230323431313136323234303231305f71722e706e67, '202411162240210', 11, '2024-11-16 22:40:21', '2024-11-16 22:40:21'),
(152, 'Lycaste x michelli', 'Híbrida', NULL, 4, 31, 0x3230323431313136323234303231315f71722e706e67, '202411162240211', 11, '2024-11-16 22:40:21', '2024-11-16 22:40:21'),
(153, 'Lycaste guatemalensis', 'Especie', NULL, 4, 22, 0x3230323431313136323234333134305f71722e706e67, '202411162243140', 11, '2024-11-16 22:43:14', '2024-11-20 01:06:45'),
(154, 'Lycaste cruenta', 'Especie', NULL, 4, 23, 0x3230323431313136323234333234305f71722e706e67, '202411162243240', 15, '2024-11-16 22:43:24', '2024-11-16 22:43:24'),
(155, 'Lycaste cruenta', 'Especie', NULL, 4, 23, 0x3230323431313136323234333234315f71722e706e67, '202411162243241', 15, '2024-11-16 22:43:24', '2024-11-16 22:43:24'),
(156, 'Lycaste Lassioglossa', 'Especie', NULL, 4, 27, 0x3230323431313136323234343237305f71722e706e67, '202411162244270', 15, '2024-11-16 22:44:27', '2024-11-16 22:44:27'),
(157, 'Lycaste Lassioglossa', 'Especie', NULL, 4, 27, 0x3230323431313136323234343237315f71722e706e67, '202411162244271', 15, '2024-11-16 22:44:27', '2024-11-16 22:44:27'),
(158, 'Lycaste Lassioglossa', 'Especie', NULL, 4, 27, 0x3230323431313136323234343237325f71722e706e67, '202411162244272', 15, '2024-11-16 22:44:27', '2024-11-16 22:44:27'),
(159, 'Lycaste cruenta', 'Especie', NULL, 4, 23, 0x3230323431313136323234353238305f71722e706e67, '202411162245280', 11, '2024-11-16 22:45:28', '2024-11-16 22:45:28'),
(160, 'Paphiopedilum Wiston Churchill', 'Híbrida', NULL, 6, 62, 0x3230323431313136323234383139305f71722e706e67, '202411162248190', 15, '2024-11-16 22:48:19', '2024-11-16 22:48:19'),
(161, 'Paphiopedilum Wiston Churchill', 'Hibrida', NULL, 1, 13, 0x3230323431313136323234383139315f71722e706e67, '202411162248191', 15, '2024-11-16 22:48:19', '2024-11-20 01:48:07'),
(162, 'Phragmipedium krovachi y Schilimii', 'Híbrida', NULL, 6, 58, 0x3230323431313136323234393538305f71722e706e67, '202411162249580', 15, '2024-11-16 22:49:58', '2024-11-16 22:49:58'),
(163, 'Phragmipedium krovachi y Schilimii', 'Híbrida', NULL, 6, 58, 0x3230323431313136323234393538315f71722e706e67, '202411162249581', 15, '2024-11-16 22:49:58', '2024-11-16 22:49:58'),
(164, 'Phragmipedium richteri x schilimii', 'Híbrida', NULL, 6, 58, 0x3230323431313136323235313130305f71722e706e67, '202411162251100', 15, '2024-11-16 22:51:10', '2024-11-16 22:51:10'),
(165, 'Oncidium javieri', 'Especie', NULL, 5, 46, 0x3230323431313136323235313131305f71722e706e67, '202411162251110', 16, '2024-11-16 22:51:11', '2024-11-20 01:16:03'),
(166, 'Paphiopedilum leeanum', 'Híbrida', NULL, 6, 60, 0x3230323431313136323235313534305f71722e706e67, '202411162251540', 16, '2024-11-16 22:51:54', '2024-11-16 22:51:54'),
(167, 'Paphiopedilum leeanum', 'Híbrida', NULL, 6, 60, 0x3230323431313136323235313534315f71722e706e67, '202411162251541', 16, '2024-11-16 22:51:54', '2024-11-16 22:51:54'),
(168, 'Phragmipedium richteri x shilimii', 'Híbrida', NULL, 6, 58, 0x3230323431313136323235323238305f71722e706e67, '202411162252280', 15, '2024-11-16 22:52:28', '2024-11-16 22:52:28'),
(169, 'Phragmipedium longifolium', 'Especie', NULL, 6, 57, 0x3230323431313136323235333035305f71722e706e67, '202411162253050', 16, '2024-11-16 22:53:05', '2024-11-16 22:53:05'),
(170, 'Cymbidium hibrido', 'Híbrida', NULL, 8, 73, 0x3230323431313136323235343133305f71722e706e67, '202411162254130', 16, '2024-11-16 22:54:13', '2024-11-16 22:54:13'),
(171, 'Phragmipedium longifolium', 'Híbrida', NULL, 6, 57, 0x3230323431313136323235343136305f71722e706e67, '202411162254160', 15, '2024-11-16 22:54:16', '2024-11-16 22:54:16'),
(172, 'Lycaste virginalis forma virginalis', 'Especie', NULL, 4, 20, 0x3230323431313136323235343431305f71722e706e67, '202411162254410', 16, '2024-11-16 22:54:41', '2024-11-16 22:54:41'),
(173, 'Paphiopedilum insigne', 'Híbrida', NULL, 6, 59, 0x3230323431313136323235353036305f71722e706e67, '202411162255060', 15, '2024-11-16 22:55:06', '2024-11-16 22:55:06'),
(174, 'Oncidium javieri', 'Híbrida', NULL, 5, 46, 0x3230323431313136323235363430305f71722e706e67, '202411162256400', 15, '2024-11-16 22:56:40', '2024-11-16 22:56:40'),
(175, 'Oncidium javieri', 'Híbrida', NULL, 5, 46, 0x3230323431313136323235363430315f71722e706e67, '202411162256401', 15, '2024-11-16 22:56:40', '2024-11-16 22:56:40'),
(176, 'Masdevallia floribunda', 'Especie', NULL, 9, 100, 0x3230323431313136323235393037305f71722e706e67, '202411162259070', 15, '2024-11-16 22:59:07', '2024-11-16 22:59:07'),
(177, 'Maxillaria variabilis', 'Especie', NULL, 4, 36, 0x3230323431313136323330343536305f71722e706e67, '202411162304560', 15, '2024-11-16 23:04:56', '2024-11-16 23:04:56'),
(178, 'Pleurothallis cardiothallis', 'Especie', NULL, 5, 84, 0x3230323431313136323330363135305f71722e706e67, '202411162306150', 15, '2024-11-16 23:06:15', '2024-11-20 05:03:43'),
(179, 'Lycaste guatemalinsis', 'Especie', NULL, 4, 22, 0x3230323431313136323330373134305f71722e706e67, '202411162307140', 11, '2024-11-16 23:07:14', '2024-11-18 00:00:26'),
(180, 'Pleurothallis correllii', 'Especie', NULL, 9, 83, 0x3230323431313136323330373531305f71722e706e67, '202411162307510', 15, '2024-11-16 23:07:51', '2024-11-16 23:07:51'),
(181, 'Lycaste Lassioglossa', 'Especie', NULL, 4, 27, 0x3230323431313136323331313436305f71722e706e67, '202411162311460', 8, '2024-11-16 23:11:46', '2024-11-16 23:11:46'),
(182, 'Lycaste Lassioglossa', 'Especie', NULL, 4, 27, 0x3230323431313136323331313436315f71722e706e67, '202411162311461', 8, '2024-11-16 23:11:46', '2024-11-16 23:11:46'),
(183, 'Lycaste Lassioglossa', 'Especie', NULL, 4, 27, 0x3230323431313136323331313436325f71722e706e67, '202411162311462', 8, '2024-11-16 23:11:46', '2024-11-16 23:11:46'),
(184, 'Lycaste virginalis forma virginalis', 'Especie', NULL, 4, 20, 0x3230323431313136323331323334305f71722e706e67, '202411162312340', 8, '2024-11-16 23:12:34', '2024-11-20 01:04:35'),
(185, 'Lycaste virginalis forma virginalis', 'Especie', NULL, 4, 20, 0x3230323431313136323331323334305f71722e706e67, '202411162312340', 8, '2024-11-16 23:12:34', '2024-11-20 01:31:58'),
(186, 'Lycaste virginalis forma virginalis', 'Especie', NULL, 4, 19, 0x3230323431313136323331323334315f71722e706e67, '202411162312341', 8, '2024-11-16 23:12:34', '2024-11-16 23:12:34'),
(187, 'Lycaste virginalis forma virginalis', 'Especie', NULL, 4, 19, 0x3230323431313136323331323334315f71722e706e67, '202411162312341', 8, '2024-11-16 23:12:34', '2024-11-16 23:12:34'),
(188, 'Lycaste virginalis fo. superba', 'Especie', NULL, 4, 21, 0x3230323431313136323331333430305f71722e706e67, '202411162313400', 8, '2024-11-16 23:13:40', '2024-11-16 23:13:40'),
(189, 'Lycaste cruenta', 'Especie', NULL, 4, 23, 0x3230323431313136323331343237305f71722e706e67, '202411162314270', 8, '2024-11-16 23:14:27', '2024-11-16 23:14:27'),
(190, 'Polystachya foliosa', 'Especie', NULL, 10, 105, 0x3230323431313136323331363034305f71722e706e67, '202411162316040', 8, '2024-11-16 23:16:04', '2024-11-16 23:16:04'),
(191, 'Lycaste lasioglossa', 'Especie', NULL, 4, 27, 0x3230323431313136323331363236305f71722e706e67, '202411162316260', 19, '2024-11-16 23:16:26', '2024-11-16 23:16:26'),
(192, 'Lycaste lasioglossa', 'Especie', NULL, 4, 27, 0x3230323431313136323331363236315f71722e706e67, '202411162316261', 19, '2024-11-16 23:16:26', '2024-11-16 23:16:26'),
(193, 'Lycaste lasioglossa', 'Especie', NULL, 4, 27, 0x3230323431313136323331363236325f71722e706e67, '202411162316262', 19, '2024-11-16 23:16:26', '2024-11-16 23:16:26'),
(194, 'Lycaste lasioglossa', 'Especie', NULL, 4, 27, 0x3230323431313136323331363236335f71722e706e67, '202411162316263', 19, '2024-11-16 23:16:26', '2024-11-16 23:16:26'),
(195, 'Lycaste lasioglossa', 'Especie', NULL, 4, 27, 0x3230323431313136323331363236345f71722e706e67, '202411162316264', 19, '2024-11-16 23:16:26', '2024-11-16 23:16:26'),
(196, 'Oncidium Bev. Debriancat', 'Híbrida', NULL, 5, 55, 0x3230323431313136323331383531305f71722e706e67, '202411162318510', 8, '2024-11-16 23:18:51', '2024-11-16 23:18:51'),
(198, 'Pragmipedium habnne popow', 'Híbrida', NULL, 6, 58, 0x3230323431313136323332323039305f71722e706e67, '202411162322090', 15, '2024-11-16 23:22:09', '2024-11-16 23:22:09'),
(199, 'Pragmipedium habnne popow', 'Híbrida', NULL, 6, 58, 0x3230323431313136323332323039315f71722e706e67, '202411162322091', 15, '2024-11-16 23:22:09', '2024-11-16 23:22:09'),
(200, 'Pragmipedium hanne popow', 'Híbrida', NULL, 6, 58, 0x3230323431313136323332333234305f71722e706e67, '202411162323240', 15, '2024-11-16 23:23:24', '2024-11-16 23:23:24'),
(201, 'Pragmipedium hanne popow', 'Híbrida', NULL, 6, 58, 0x3230323431313136323332333234315f71722e706e67, '202411162323241', 15, '2024-11-16 23:23:24', '2024-11-16 23:23:24'),
(202, 'Polystachya foliosa', 'Especie', NULL, 1, 13, 0x3230323431313136323332333335305f71722e706e67, '202411162323350', 19, '2024-11-16 23:23:35', '2024-11-16 23:30:12'),
(203, 'Encyclea asperula', 'Especie', NULL, 1, 6, 0x3230323431313136323332343531305f71722e706e67, '202411162324510', 8, '2024-11-16 23:24:51', '2024-11-16 23:24:51'),
(204, 'Prostechea radiata', 'Especie', NULL, 1, 7, 0x3230323431313136323332353230305f71722e706e67, '202411162325200', 19, '2024-11-16 23:25:20', '2024-11-16 23:25:20'),
(205, 'Prostechea radiata', 'Especie', NULL, 1, 7, 0x3230323431313136323332353230315f71722e706e67, '202411162325201', 19, '2024-11-16 23:25:20', '2024-11-16 23:25:20'),
(206, 'Rhyncholaelia Glauca', 'Especie', NULL, 1, 8, 0x3230323431313136323332353339305f71722e706e67, '202411162325390', 8, '2024-11-16 23:25:39', '2024-11-16 23:25:39'),
(208, 'Phaphiopedilum leeanum', 'Hibrida', NULL, 6, 60, 0x3230323431313136323332363034305f71722e706e67, '202411162326040', 20, '2024-11-16 23:26:04', '2024-11-17 21:20:19'),
(209, 'Lycaste Arthuriana V. litensis', 'Especie', NULL, 4, 32, 0x3230323431313136323332363334305f71722e706e67, '202411162326340', 8, '2024-11-16 23:26:34', '2024-11-16 23:26:34'),
(210, 'Phalaenopsis alba', 'Híbrida', NULL, 7, 69, 0x3230323431313136323332383034305f71722e706e67, '202411162328040', 20, '2024-11-16 23:28:04', '2024-11-16 23:28:04'),
(211, 'Paphiopedilum Thunder bay x DuncanYork', 'Híbrida', NULL, 6, 62, 0x3230323431313136323333313233305f71722e706e67, '202411162331230', 8, '2024-11-16 23:31:23', '2024-11-16 23:31:23'),
(212, 'Paphiopedilum Rosy Down', 'Hibrida', NULL, 6, 60, 0x3230323431313136323333333537305f71722e706e67, '202411162333570', 20, '2024-11-16 23:33:57', '2024-11-17 21:18:57'),
(213, 'Paphiopedilum Kimura win x Kimura Promise', 'Híbrida', 0x32303234313131363233333435372e706e67, 6, 62, 0x3230323431313136323333343537305f71722e706e67, '202411162334570', 8, '2024-11-16 23:34:57', '2024-11-16 23:34:57'),
(214, 'Paphiopedilum Yosemite Moon X Stich Special', 'Híbrida', NULL, 6, 62, 0x3230323431313136323333353535305f71722e706e67, '202411162335550', 8, '2024-11-16 23:35:56', '2024-11-16 23:35:56'),
(215, 'Paphiopedilum Hibrido amarillo', 'Híbrida', NULL, 6, 62, 0x3230323431313136323333373134305f71722e706e67, '202411162337140', 8, '2024-11-16 23:37:14', '2024-11-16 23:37:14'),
(216, 'Anguloa Brevilabrys X Cliftonii', 'Híbrida', NULL, 4, 30, 0x3230323431313136323333383139305f71722e706e67, '202411162338190', 8, '2024-11-16 23:38:19', '2024-11-16 23:38:19'),
(217, 'Phaphiopedilum híbrido', 'Hibrida', NULL, 6, 60, 0x3230323431313136323333383139305f71722e706e67, '202411162338190', 20, '2024-11-16 23:38:19', '2024-11-20 01:25:56'),
(218, 'Epidendrum radicans ', 'Especie', NULL, 1, 4, 0x3230323431313136323333383433305f71722e706e67, '202411162338430', 21, '2024-11-16 23:38:43', '2024-11-16 23:38:43'),
(219, 'Epidendrum radicans ', 'Especie', NULL, 1, 4, 0x3230323431313136323333383433315f71722e706e67, '202411162338431', 21, '2024-11-16 23:38:43', '2024-11-16 23:38:43'),
(220, 'Habenaria Jhosephinae', 'Especie', NULL, 11, 107, 0x3230323431313136323334303230305f71722e706e67, '202411162340200', 20, '2024-11-16 23:40:20', '2024-11-16 23:40:20'),
(221, 'Habenaria Jhosephinae', 'Especie', NULL, 11, 107, 0x3230323431313136323334303230315f71722e706e67, '202411162340201', 20, '2024-11-16 23:40:20', '2024-11-16 23:40:20'),
(222, 'Habenaria Jhosephinae', 'Especie', NULL, 11, 107, 0x3230323431313136323334303230325f71722e706e67, '202411162340202', 20, '2024-11-16 23:40:20', '2024-11-16 23:40:20'),
(223, 'Lycaste lasioglossa', 'Especie', NULL, 4, 27, 0x3230323431313136323334323136305f71722e706e67, '202411162342160', 21, '2024-11-16 23:42:16', '2024-11-16 23:42:16'),
(224, 'Epidendrum secundum', 'Especie', NULL, 1, 4, 0x3230323431313136323334333135305f71722e706e67, '202411162343150', 21, '2024-11-16 23:43:15', '2024-11-16 23:43:15'),
(225, 'Epidendrum thayeri', 'Especie', NULL, 1, 4, 0x3230323431313136323334343437305f71722e706e67, '202411162344470', 21, '2024-11-16 23:44:47', '2024-11-16 23:44:47'),
(226, 'Scelochilus tuerckheimii', 'Especie', NULL, 10, 105, 0x3230323431313136323334353039305f71722e706e67, '202411162345090', 21, '2024-11-16 23:45:09', '2024-11-16 23:45:09'),
(227, 'Phragmipedium longifolium', 'Especie', NULL, 6, 57, 0x3230323431313136323334363034305f71722e706e67, '202411162346040', 21, '2024-11-16 23:46:04', '2024-11-16 23:46:04'),
(228, 'Erycina crista yallii', 'Especie', NULL, 10, 105, 0x3230323431313136323334363236305f71722e706e67, '202411162346260', 21, '2024-11-16 23:46:26', '2024-11-16 23:46:26'),
(229, 'Prosthechea cochleata', 'Especie', NULL, 1, 7, 0x3230323431313136323334373031305f71722e706e67, '202411162347010', 21, '2024-11-16 23:47:01', '2024-11-16 23:47:01'),
(230, 'Pleurothallis cardiothallis', 'Especie', NULL, 9, 84, 0x3230323431313136323334393035305f71722e706e67, '202411162349050', 21, '2024-11-16 23:49:05', '2024-11-16 23:49:05'),
(231, 'Pleurothallis cardiothallis', 'Especie', NULL, 9, 84, 0x3230323431313136323334393035315f71722e706e67, '202411162349051', 21, '2024-11-16 23:49:05', '2024-11-16 23:49:05'),
(232, 'Trichosalpinx piny blasdolli', 'Especie', NULL, 9, 96, 0x3230323431313136323334393037305f71722e706e67, '202411162349070', 21, '2024-11-16 23:49:07', '2024-11-16 23:49:07'),
(233, 'Lephates scopula', 'Especie', NULL, 9, 94, 0x3230323431313136323335303436305f71722e706e67, '202411162350460', 22, '2024-11-16 23:50:46', '2024-11-16 23:50:46'),
(234, 'Lankesteriana barbulata', 'Especie', NULL, 9, 91, 0x3230323431313136323335313033305f71722e706e67, '202411162351030', 21, '2024-11-16 23:51:03', '2024-11-16 23:51:03'),
(235, 'Lankesteriana barbulata', 'Especie', NULL, 9, 91, 0x3230323431313136323335313033315f71722e706e67, '202411162351031', 21, '2024-11-16 23:51:03', '2024-11-16 23:51:03'),
(236, 'Pleurothallis oscari', 'Híbrida', NULL, 9, 83, 0x3230323431313136323335333137305f71722e706e67, '202411162353170', 21, '2024-11-16 23:53:17', '2024-11-16 23:53:17'),
(237, 'Pleurothallis oscari', 'Híbrida', NULL, 9, 83, 0x3230323431313136323335333137315f71722e706e67, '202411162353171', 21, '2024-11-16 23:53:17', '2024-11-16 23:53:17'),
(238, 'Stelis pachyglossa', 'Especie', NULL, 9, 87, 0x3230323431313136323335343131305f71722e706e67, '202411162354110', 21, '2024-11-16 23:54:11', '2024-11-16 23:54:11'),
(239, 'Restrepia muscifera', 'Especie', NULL, 9, 99, 0x3230323431313136323335353131305f71722e706e67, '202411162355110', 21, '2024-11-16 23:55:11', '2024-11-17 18:07:04'),
(240, 'Maxillariella Variabilis', 'Especie', NULL, 4, 36, 0x3230323431313136323335353133305f71722e706e67, '202411162355130', 21, '2024-11-16 23:55:13', '2024-11-16 23:55:13'),
(241, 'Maxillariella Variabilis', 'Especie', NULL, 4, 36, 0x3230323431313136323335353133315f71722e706e67, '202411162355131', 21, '2024-11-16 23:55:13', '2024-11-16 23:55:13'),
(242, 'Maxillariella Variabilis', 'Especie', NULL, 4, 36, 0x3230323431313136323335353133325f71722e706e67, '202411162355132', 21, '2024-11-16 23:55:13', '2024-11-16 23:55:13'),
(243, 'Pleurothalis nelsonii', 'Especie', NULL, 9, 83, 0x3230323431313136323335363533305f71722e706e67, '202411162356530', 21, '2024-11-16 23:56:53', '2024-11-16 23:56:53'),
(244, 'Rhynchostele bictoniensis', 'Especie', NULL, 5, 48, 0x3230323431313136323335373238305f71722e706e67, '202411162357280', 21, '2024-11-16 23:57:28', '2024-11-16 23:57:28'),
(245, 'Cycnoches egertonianum', 'Especie', NULL, 4, 43, 0x3230323431313136323335373537305f71722e706e67, '202411162357570', 22, '2024-11-16 23:57:57', '2024-11-16 23:57:57'),
(246, 'Dimenandra emarginata', 'Especie', NULL, 1, 13, 0x3230323431313136323335393132305f71722e706e67, '202411162359120', 21, '2024-11-16 23:59:12', '2024-11-20 01:47:21'),
(247, 'Lycaste lasioglossa', 'Especie', NULL, 4, 27, 0x3230323431313136323335393537305f71722e706e67, '202411162359570', 22, '2024-11-16 23:59:57', '2024-11-16 23:59:57'),
(248, 'Lycaste lasioglossa', 'Especie', NULL, 4, 27, 0x3230323431313136323335393537315f71722e706e67, '202411162359571', 22, '2024-11-16 23:59:57', '2024-11-16 23:59:57'),
(249, 'Lycaste lasioglossa', 'Especie', NULL, 4, 27, 0x3230323431313136323335393537325f71722e706e67, '202411162359572', 22, '2024-11-16 23:59:57', '2024-11-16 23:59:57'),
(250, 'Lycaste virginales forma superba', 'Especie', NULL, 4, 21, 0x3230323431313137303030303437305f71722e706e67, '202411170000470', 22, '2024-11-17 00:00:47', '2024-11-17 00:00:47'),
(251, 'Rosioglosum grande', 'Especie', NULL, 5, 49, 0x3230323431313137303030363031305f71722e706e67, '202411170006010', 22, '2024-11-17 00:06:01', '2024-11-17 00:06:01'),
(252, 'Paphiopedilum Pinocchio', 'Especie', NULL, 6, 61, 0x3230323431313137303030363137305f71722e706e67, '202411170006170', 8, '2024-11-17 00:06:17', '2024-11-17 00:06:17'),
(253, 'Gongora leucochila', 'Especie', NULL, 4, 44, 0x3230323431313137303030373336305f71722e706e67, '202411170007360', 8, '2024-11-17 00:07:36', '2024-11-17 00:07:36'),
(254, 'Lycaste x Luciani', 'Híbrida', NULL, 4, 31, 0x3230323431313137303030383431305f71722e706e67, '202411170008410', 8, '2024-11-17 00:08:41', '2024-11-17 00:08:41'),
(255, 'Mormolyca hedwigrae', 'Especie', NULL, 4, 37, 0x3230323431313137303030393433305f71722e706e67, '202411170009430', 8, '2024-11-17 00:09:43', '2024-11-17 00:09:43'),
(256, 'Pleurotalis cardiotalis', 'Especie', NULL, 9, 84, 0x3230323431313137303031303233305f71722e706e67, '202411170010230', 22, '2024-11-17 00:10:23', '2024-11-17 00:10:23'),
(257, 'Mormolyca ringens', 'Especie', NULL, 4, 37, 0x3230323431313137303031313132305f71722e706e67, '202411170011120', 8, '2024-11-17 00:11:12', '2024-11-18 23:42:55'),
(258, 'Mormolyca moralesii', 'Especie', NULL, 4, 37, 0x3230323431313137303031323331305f71722e706e67, '202411170012310', 8, '2024-11-17 00:12:31', '2024-11-17 00:12:31'),
(259, 'Stelis segoviense', 'Especie', NULL, 9, 87, 0x3230323431313137303031333332305f71722e706e67, '202411170013320', 8, '2024-11-17 00:13:32', '2024-11-17 00:13:32'),
(260, 'Stelis segoviense', 'Especie', NULL, 9, 87, 0x3230323431313137303031333332315f71722e706e67, '202411170013321', 8, '2024-11-17 00:13:32', '2024-11-17 00:13:32'),
(261, 'Stelis tulva', 'Especie', NULL, 9, 88, 0x3230323431313137303031343238305f71722e706e67, '202411170014280', 8, '2024-11-17 00:14:28', '2024-11-17 00:14:28'),
(262, 'Paphiopedilum ', 'Híbrida', NULL, 6, 62, 0x3230323431313137303031343535305f71722e706e67, '202411170014550', 22, '2024-11-17 00:14:55', '2024-11-17 00:14:55'),
(263, 'Cranichis parvula', 'Especie', NULL, 11, 106, 0x3230323431313137303031353234305f71722e706e67, '202411170015240', 8, '2024-11-17 00:15:24', '2024-11-17 00:15:24'),
(264, 'Stelis bidentata', 'Especie', NULL, 9, 88, 0x3230323431313137303031363130305f71722e706e67, '202411170016100', 8, '2024-11-17 00:16:10', '2024-11-17 00:16:10'),
(265, 'Platystele samenistoba lensis', 'Especie', NULL, 9, 90, 0x3230323431313137303031383433305f71722e706e67, '202411170018430', 8, '2024-11-17 00:18:43', '2024-11-17 00:18:43'),
(266, 'Bulbophyllum lindleyanum', 'Especie', NULL, 8, 79, 0x3230323431313137303031393336305f71722e706e67, '202411170019360', 7, '2024-11-17 00:19:36', '2024-11-17 00:19:36'),
(267, 'Phragmipedium schlimii', 'Especie', NULL, 6, 57, 0x3230323431313137303032303238305f71722e706e67, '202411170020280', 7, '2024-11-17 00:20:28', '2024-11-17 00:20:28'),
(268, 'Scaphosepalum microdactilum', 'Especie', NULL, 9, 89, 0x3230323431313137303032303339305f71722e706e67, '202411170020390', 8, '2024-11-17 00:20:39', '2024-11-19 00:17:58'),
(269, 'Paphiopedilum spicerianum', 'Especie', NULL, 6, 59, 0x3230323431313137303032313032305f71722e706e67, '202411170021020', 7, '2024-11-17 00:21:02', '2024-11-17 00:21:02'),
(270, 'Gonbgora cassidea', 'Especie', NULL, 4, 44, 0x3230323431313137303032313334305f71722e706e67, '202411170021340', 8, '2024-11-17 00:21:34', '2024-11-17 00:21:34'),
(271, 'Paphiopedilum Wossner Zwerg x Double Deception', 'Híbrida', NULL, 6, 60, 0x3230323431313137303032323030305f71722e706e67, '202411170022000', 7, '2024-11-17 00:22:00', '2024-11-17 00:22:00'),
(272, 'Paphiopedilum Leeanum', 'Híbrida', NULL, 6, 60, 0x3230323431313137303032323436305f71722e706e67, '202411170022460', 7, '2024-11-17 00:22:46', '2024-11-17 00:22:46'),
(273, 'Paphiopedilum hibrido', 'Híbrida', NULL, 6, 60, 0x3230323431313137303032333138305f71722e706e67, '202411170023180', 7, '2024-11-17 00:23:18', '2024-11-17 00:23:18'),
(274, 'Paphiopedilum Lathamianum', 'Híbrida', NULL, 6, 60, 0x3230323431313137303032333438305f71722e706e67, '202411170023480', 7, '2024-11-17 00:23:48', '2024-11-17 00:23:48'),
(275, 'Maxillariella variabilis', 'Especie', NULL, 4, 36, 0x3230323431313137303032343430305f71722e706e67, '202411170024400', 7, '2024-11-17 00:24:40', '2024-11-17 00:24:40'),
(276, 'Maxillariella variabilis', 'Especie', NULL, 4, 36, 0x3230323431313137303032343430315f71722e706e67, '202411170024401', 7, '2024-11-17 00:24:40', '2024-11-17 00:24:40'),
(277, 'Maxillariella variabilis', 'Especie', NULL, 4, 36, 0x3230323431313137303032343430325f71722e706e67, '202411170024402', 7, '2024-11-17 00:24:40', '2024-11-17 00:24:40'),
(278, 'Rhetinantha scorpioidea', 'Especie', NULL, 4, 35, 0x3230323431313137303032353233305f71722e706e67, '202411170025230', 7, '2024-11-17 00:25:23', '2024-11-17 00:25:23'),
(279, 'Elleanthus archilae', 'Especie', NULL, 1, 12, 0x3230323431313137303032363132305f71722e706e67, '202411170026120', 7, '2024-11-17 00:26:12', '2024-11-17 00:26:12'),
(280, 'Cranichis sylvatica', 'Especie', NULL, 11, 106, 0x3230323431313137303032363532305f71722e706e67, '202411170026520', 7, '2024-11-17 00:26:52', '2024-11-17 00:26:52'),
(281, 'Laelia rubeslcens', 'Especie', NULL, 1, 9, 0x3230323431313137303032373238305f71722e706e67, '202411170027280', 7, '2024-11-17 00:27:28', '2024-11-17 00:27:28'),
(282, 'Laelia rubeslcens', 'Especie', NULL, 1, 9, 0x3230323431313137303032373238315f71722e706e67, '202411170027281', 7, '2024-11-17 00:27:28', '2024-11-17 00:27:28'),
(283, 'Laelia superbiens', 'Especie', NULL, 1, 9, 0x3230323431313137303032383032305f71722e706e67, '202411170028020', 7, '2024-11-17 00:28:02', '2024-11-17 00:28:02'),
(284, 'Laelia superbiens', 'Especie', NULL, 1, 9, 0x3230323431313137303032383032315f71722e706e67, '202411170028021', 7, '2024-11-17 00:28:02', '2024-11-17 00:28:02'),
(285, 'Laelia superbiens', 'Especie', NULL, 1, 9, 0x3230323431313137303032383032325f71722e706e67, '202411170028022', 7, '2024-11-17 00:28:02', '2024-11-17 00:28:02'),
(286, 'Laelia halbingeriana', 'Especie', NULL, 1, 9, 0x3230323431313137303032383332305f71722e706e67, '202411170028320', 7, '2024-11-17 00:28:32', '2024-11-17 00:28:32'),
(287, 'Phalaenopsis blanca', 'Híbrida', NULL, 7, 69, 0x3230323431313137303032393133305f71722e706e67, '202411170029130', 7, '2024-11-17 00:29:13', '2024-11-17 00:29:13'),
(288, 'Lycaste Gladys Eljuri \"Cristina Stwolinski\" HCC/AOS', 'Híbrida', NULL, 4, 32, 0x3230323431313137303033303234305f71722e706e67, '202411170030240', 7, '2024-11-17 00:30:24', '2024-11-17 00:30:24'),
(289, 'Lycaste virginalis forma alba', 'Especie', NULL, 4, 19, 0x3230323431313137303033313034305f71722e706e67, '202411170031040', 7, '2024-11-17 00:31:04', '2024-11-17 00:31:04'),
(290, 'Lycaste Imschootiana', 'Híbrida', NULL, 4, 31, 0x3230323431313137303033313433305f71722e706e67, '202411170031430', 7, '2024-11-17 00:31:43', '2024-11-17 00:31:43'),
(291, 'Lycaste x Smeeana', 'Híbrida', NULL, 4, 31, 0x3230323431313137303033323135305f71722e706e67, '202411170032150', 7, '2024-11-17 00:32:15', '2024-11-17 00:32:15');
INSERT INTO `tb_orquidea` (`id_orquidea`, `nombre_planta`, `origen`, `foto`, `id_grupo`, `id_clase`, `qr_code`, `codigo_orquidea`, `id_participante`, `fecha_creacion`, `fecha_actualizacion`) VALUES
(292, 'Lycaste measuresiana', 'Especie', NULL, 4, 28, 0x3230323431313137303033323432305f71722e706e67, '202411170032420', 7, '2024-11-17 00:32:42', '2024-11-17 00:32:42'),
(293, 'Epidendrum veroscriptum', 'Especie', NULL, 1, 2, 0x3230323431313137303033333136305f71722e706e67, '202411170033160', 7, '2024-11-17 00:33:16', '2024-11-17 00:33:16'),
(294, 'Encyclia chloroleuca', 'Especie', NULL, 1, 6, 0x3230323431313137303033333436305f71722e706e67, '202411170033460', 7, '2024-11-17 00:33:46', '2024-11-17 00:33:46'),
(295, 'Cattleya trianae', 'Especie', NULL, 3, 16, 0x3230323431313137303033343138305f71722e706e67, '202411170034180', 7, '2024-11-17 00:34:18', '2024-11-17 00:34:18'),
(296, 'Rosioglossum grande', 'Especie', NULL, 5, 49, 0x3230323431313137303033353135305f71722e706e67, '202411170035150', 7, '2024-11-17 00:35:15', '2024-11-17 00:35:15'),
(297, 'Lycaste guatemalensis', 'Especie', NULL, 4, 22, 0x3230323431313137303033353539305f71722e706e67, '202411170035590', 7, '2024-11-17 00:35:59', '2024-11-17 00:35:59'),
(298, 'Lycaste virginalis forma virginalis', 'Especie', NULL, 4, 20, 0x3230323431313137303033363432305f71722e706e67, '202411170036420', 7, '2024-11-17 00:36:42', '2024-11-17 00:36:42'),
(299, 'Lycaste virginalis forma virginalis', 'Especie', NULL, 4, 20, 0x3230323431313137303033363432315f71722e706e67, '202411170036421', 7, '2024-11-17 00:36:42', '2024-11-17 00:36:42'),
(300, 'Lycaste virginalis forma virginalis', 'Especie', NULL, 4, 20, 0x3230323431313137303033363432325f71722e706e67, '202411170036422', 7, '2024-11-17 00:36:42', '2024-11-17 00:36:42'),
(301, 'Lycaste virginalis forma virginalis', 'Especie', NULL, 4, 20, 0x3230323431313137303033363432335f71722e706e67, '202411170036423', 7, '2024-11-17 00:36:42', '2024-11-17 00:36:42'),
(302, 'Lycaste virginalis forma virginalis', 'Especie', NULL, 4, 20, 0x3230323431313137303033363432345f71722e706e67, '202411170036424', 7, '2024-11-17 00:36:42', '2024-11-17 00:36:42'),
(303, 'Lycaste virginalis forma virginalis', 'Especie', NULL, 4, 20, 0x3230323431313137303033363432355f71722e706e67, '202411170036425', 7, '2024-11-17 00:36:42', '2024-11-17 00:36:42'),
(304, 'Lycaste virginalis forma virginalis', 'Especie', NULL, 4, 20, 0x3230323431313137303033363432365f71722e706e67, '202411170036426', 7, '2024-11-17 00:36:42', '2024-11-17 00:36:42'),
(305, 'Lycaste virginalis forma virginalis', 'Especie', NULL, 4, 20, 0x3230323431313137303033363432375f71722e706e67, '202411170036427', 7, '2024-11-17 00:36:42', '2024-11-17 00:36:42'),
(306, 'Lycaste virginalis forma virginalis', 'Especie', NULL, 4, 20, 0x3230323431313137303033363432385f71722e706e67, '202411170036428', 7, '2024-11-17 00:36:42', '2024-11-17 00:36:42'),
(307, 'Lycaste virginalis forma virginalis', 'Especie', NULL, 4, 20, 0x3230323431313137303033363432395f71722e706e67, '202411170036429', 7, '2024-11-17 00:36:42', '2024-11-17 00:36:42'),
(308, 'Lycaste virginalis forma virginalis', 'Especie', NULL, 4, 20, 0x323032343131313730303336343231305f71722e706e67, '2024111700364210', 7, '2024-11-17 00:36:42', '2024-11-17 00:36:42'),
(309, 'Lycaste virginalis forma virginalis', 'Especie', NULL, 4, 20, 0x323032343131313730303336343231315f71722e706e67, '2024111700364211', 7, '2024-11-17 00:36:42', '2024-11-17 00:36:42'),
(310, 'Lycaste virginalis forma virginalis', 'Especie', NULL, 4, 20, 0x323032343131313730303336343231325f71722e706e67, '2024111700364212', 7, '2024-11-17 00:36:42', '2024-11-17 00:36:42'),
(311, 'Lycaste virginalis forma virginalis', 'Especie', NULL, 4, 20, 0x323032343131313730303336343231335f71722e706e67, '2024111700364213', 7, '2024-11-17 00:36:42', '2024-11-17 00:36:42'),
(312, 'Lycaste virginalis forma virginalis', 'Especie', NULL, 4, 20, 0x323032343131313730303336343231345f71722e706e67, '2024111700364214', 7, '2024-11-17 00:36:42', '2024-11-17 00:36:42'),
(313, 'Lycaste virginales forma superba', 'Especie', NULL, 4, 21, 0x3230323431313137303033373131305f71722e706e67, '202411170037110', 7, '2024-11-17 00:37:11', '2024-11-17 00:37:11'),
(314, 'Mormolyca hedwigiae', 'Especie', NULL, 4, 37, 0x3230323431313137303033383231305f71722e706e67, '202411170038210', 7, '2024-11-17 00:38:21', '2024-11-17 00:38:21'),
(315, 'Laelia anceps semi alba', 'Especie', NULL, 1, 9, 0x3230323431313137303033393139305f71722e706e67, '202411170039190', 7, '2024-11-17 00:39:19', '2024-11-17 00:39:19'),
(316, 'Laleia dawsoni', 'Especie', NULL, 1, 9, 0x3230323431313137313634383333305f71722e706e67, '202411171648330', 23, '2024-11-17 16:48:33', '2024-11-17 16:48:33'),
(317, 'Laleia dawsoni', 'Especie', NULL, 1, 9, 0x3230323431313137313634383333315f71722e706e67, '202411171648331', 23, '2024-11-17 16:48:33', '2024-11-17 16:48:33'),
(318, 'Laleia dawsoni', 'Especie', NULL, 1, 9, 0x3230323431313137313634383333325f71722e706e67, '202411171648332', 23, '2024-11-17 16:48:33', '2024-11-17 16:48:33'),
(319, 'Maxillaria Varinbilis ', 'Especie', NULL, 4, 36, 0x3230323431313137313634393438305f71722e706e67, '202411171649480', 24, '2024-11-17 16:49:48', '2024-11-17 16:49:48'),
(320, 'Laelia fa alba aloha starlight x lampses hillisii AM/AOS', 'Especie', NULL, 1, 9, 0x3230323431313137313635303030305f71722e706e67, '202411171650000', 23, '2024-11-17 16:50:00', '2024-11-17 16:50:00'),
(321, 'Catleya triane fa coerulea', 'Especie', NULL, 3, 16, 0x3230323431313137313635303531305f71722e706e67, '202411171650510', 23, '2024-11-17 16:50:51', '2024-11-17 16:50:51'),
(322, 'Laelia rubescens fa alba', 'Especie', NULL, 1, 9, 0x3230323431313137313635313536305f71722e706e67, '202411171651560', 23, '2024-11-17 16:51:56', '2024-11-17 16:51:56'),
(323, 'Alicerra peggylluth carpenter', 'Híbrida', NULL, 5, 55, 0x3230323431313137313635323136305f71722e706e67, '202411171652160', 24, '2024-11-17 16:52:16', '2024-11-17 16:52:16'),
(324, 'Alicerra peggylluth carpenter', 'Híbrida', NULL, 5, 55, 0x3230323431313137313635323136305f71722e706e67, '202411171652160', 24, '2024-11-17 16:52:16', '2024-11-17 16:52:16'),
(325, 'Laelia rubescens fa oculata', 'Especie', NULL, 1, 9, 0x3230323431313137313635323434305f71722e706e67, '202411171652440', 23, '2024-11-17 16:52:44', '2024-11-17 16:52:44'),
(326, 'Laelia rubescens fa oculata', 'Especie', NULL, 1, 9, 0x3230323431313137313635323434315f71722e706e67, '202411171652441', 23, '2024-11-17 16:52:44', '2024-11-17 16:52:44'),
(327, 'Mokara sp.', 'Híbrida', NULL, 7, 65, 0x3230323431313137313635323537305f71722e706e67, '202411171652570', 25, '2024-11-17 16:52:57', '2024-11-17 16:52:57'),
(328, 'Laelia rubescens fa alba', 'Especie', NULL, 1, 9, 0x3230323431313137313635333437305f71722e706e67, '202411171653470', 23, '2024-11-17 16:53:47', '2024-11-17 16:53:47'),
(329, 'Paphiopedilum tipo complex ', 'Híbrida', NULL, 6, 62, 0x3230323431313137313635343033305f71722e706e67, '202411171654030', 24, '2024-11-17 16:54:03', '2024-11-17 16:54:03'),
(330, 'Pleurothallis racemiflora', 'Especie', NULL, 9, 87, 0x3230323431313137313635343231305f71722e706e67, '202411171654210', 25, '2024-11-17 16:54:21', '2024-11-17 16:54:21'),
(331, 'Maxilaria  meleagris', 'Especie', NULL, 4, 33, 0x3230323431313137313635343331305f71722e706e67, '202411171654310', 20, '2024-11-17 16:54:31', '2024-11-17 21:17:59'),
(332, 'Epidendurm Tomorow Valley Tropical Yellow', 'Híbrida', NULL, 1, 4, 0x3230323431313137313635343438305f71722e706e67, '202411171654480', 23, '2024-11-17 16:54:48', '2024-11-17 16:54:48'),
(333, 'Bulbophyllium corolliferum', 'Especie', NULL, 8, 79, 0x3230323431313137313635353336305f71722e706e67, '202411171655360', 23, '2024-11-17 16:55:36', '2024-11-17 16:55:36'),
(334, 'Paphiopedilum Cocoa green x paph Cocoa olhmupinium', 'Híbrida', NULL, 6, 61, 0x3230323431313137313635363030305f71722e706e67, '202411171656000', 24, '2024-11-17 16:56:00', '2024-11-17 16:56:00'),
(335, 'Bulbophyllium barbigerum', 'Especie', NULL, 8, 79, 0x3230323431313137313635363035305f71722e706e67, '202411171656050', 23, '2024-11-17 16:56:05', '2024-11-17 16:56:05'),
(336, 'Laelia albida', 'Especie', NULL, 1, 9, 0x3230323431313137313635363434305f71722e706e67, '202411171656440', 23, '2024-11-17 16:56:44', '2024-11-17 16:56:44'),
(337, 'Brassocattleya \'Amethyst\'', 'Híbrida', NULL, 3, 18, 0x3230323431313137313635383435305f71722e706e67, '202411171658450', 26, '2024-11-17 16:58:45', '2024-11-17 16:58:45'),
(339, 'Laelianthe Cielito', 'Híbrida', NULL, 3, 18, 0x3230323431313137313730303232305f71722e706e67, '202411171700220', 26, '2024-11-17 17:00:22', '2024-11-17 17:00:22'),
(340, 'Epidendrum veroscriptum ', 'Especie', NULL, 1, 2, 0x3230323431313137313730303439305f71722e706e67, '202411171700490', 27, '2024-11-17 17:00:49', '2024-11-20 01:40:40'),
(341, 'Vaughnara Jairak kiss', 'Híbrida', NULL, 3, 18, 0x3230323431313137313730313431305f71722e706e67, '202411171701410', 26, '2024-11-17 17:01:41', '2024-11-17 17:01:41'),
(342, 'Epidendrum schweinfurthianum', 'Especie', NULL, 1, 3, 0x3230323431313137313730323036305f71722e706e67, '202411171702060', 27, '2024-11-17 17:02:06', '2024-11-20 01:41:04'),
(343, 'Trichopilia laxa ', 'Especie', NULL, 5, 53, 0x3230323431313137313730343038305f71722e706e67, '202411171704080', 27, '2024-11-17 17:04:08', '2024-11-20 01:42:08'),
(344, 'Lycaste Chita Impulse ', 'Especie', NULL, 4, 32, 0x3230323431313137313730363233305f71722e706e67, '202411171706230', 28, '2024-11-17 17:06:23', '2024-11-17 17:06:23'),
(345, 'Lycaste virginales', 'Especie', NULL, 4, 21, 0x3230323431313137313730373035305f71722e706e67, '202411171707050', 28, '2024-11-17 17:07:05', '2024-11-17 17:09:36'),
(346, 'Barkeria skinneri ', 'Especie', NULL, 1, 5, 0x3230323431313137313730383232305f71722e706e67, '202411171708220', 29, '2024-11-17 17:08:22', '2024-11-17 17:08:22'),
(347, 'Barkeria skinneri ', 'Especie', NULL, 1, 5, 0x3230323431313137313730393031305f71722e706e67, '202411171709010', 29, '2024-11-17 17:09:01', '2024-11-17 17:09:01'),
(348, 'Lycaste guatemalensis', 'Especie', NULL, 4, 22, 0x3230323431313137313731303137305f71722e706e67, '202411171710170', 28, '2024-11-17 17:10:17', '2024-11-17 17:10:17'),
(349, 'Phalaenopsis rosada ', 'Híbrida', NULL, 7, 70, 0x3230323431313137313731303334305f71722e706e67, '202411171710340', 29, '2024-11-17 17:10:34', '2024-11-17 17:10:34'),
(350, 'Epidendrum tipo seudum ', 'Híbrida', NULL, 1, 4, 0x3230323431313137313731313032305f71722e706e67, '202411171711020', 30, '2024-11-17 17:11:02', '2024-11-17 17:11:02'),
(351, 'Stenorrhynchos glicensteinis', 'Especie', NULL, 11, 106, 0x3230323431313137313731313433305f71722e706e67, '202411171711430', 28, '2024-11-17 17:11:43', '2024-11-17 17:11:43'),
(352, 'Epidendrum thayeri', 'Híbrida', NULL, 1, 4, 0x3230323431313137313731313435305f71722e706e67, '202411171711450', 30, '2024-11-17 17:11:45', '2024-11-17 17:11:45'),
(353, 'Laleia Purpurata var atropur Purea x Cattleya dowiana', 'Hibrida', NULL, 3, 17, 0x3230323431313137313731323335305f71722e706e67, '202411171712350', 30, '2024-11-17 17:12:35', '2024-11-17 17:13:58'),
(354, 'Stanhopea sp', 'Especie', NULL, 4, 44, 0x3230323431313137313731323435305f71722e706e67, '202411171712450', 28, '2024-11-17 17:12:45', '2024-11-17 17:12:45'),
(355, 'Stanhopea sp', 'Especie', NULL, 4, 44, 0x3230323431313137313731323435315f71722e706e67, '202411171712451', 28, '2024-11-17 17:12:45', '2024-11-17 17:12:45'),
(356, 'Miltoniopsis Red Type', 'Híbrida', NULL, 5, 55, 0x3230323431313137313731333434305f71722e706e67, '202411171713440', 28, '2024-11-17 17:13:44', '2024-11-17 17:13:44'),
(357, 'Cambria Renaissance', 'Híbrida', NULL, 5, 55, 0x3230323431313137313731343236305f71722e706e67, '202411171714260', 28, '2024-11-17 17:14:26', '2024-11-17 17:14:26'),
(358, 'Laelia anceps', 'Especie', NULL, 1, 9, 0x3230323431313137313731353131305f71722e706e67, '202411171715110', 30, '2024-11-17 17:15:11', '2024-11-17 17:15:11'),
(359, 'Stelis guadrifida', 'Especie', NULL, 9, 87, 0x3230323431313137313731363035305f71722e706e67, '202411171716050', 30, '2024-11-17 17:16:05', '2024-11-17 17:16:05'),
(360, 'Phaloenopsis rosada ', 'Híbrida', NULL, 7, 70, 0x3230323431313137313733353338305f71722e706e67, '202411171735380', 29, '2024-11-17 17:35:38', '2024-11-17 17:35:38'),
(361, 'Phaloenopsis rosada ', 'Híbrida', NULL, 7, 70, 0x3230323431313137313733353338305f71722e706e67, '202411171735380', 29, '2024-11-17 17:35:38', '2024-11-17 17:35:38'),
(362, 'Dendrodium tipo phalaenopsis blaor ', 'Híbrida', NULL, 8, 78, 0x3230323431313137313733393335305f71722e706e67, '202411171739350', 29, '2024-11-17 17:39:35', '2024-11-17 17:39:35'),
(363, 'Dendrodium blanco mini ', 'Híbrida', NULL, 8, 78, 0x3230323431313137313734313536305f71722e706e67, '202411171741560', 29, '2024-11-17 17:41:56', '2024-11-17 17:41:56'),
(364, 'Cattleya maxima ', 'Híbrida', NULL, 3, 16, 0x3230323431313137313734323535305f71722e706e67, '202411171742550', 29, '2024-11-17 17:42:55', '2024-11-17 17:42:55'),
(365, 'Phalaenopsis sunovama  ', 'Especie', NULL, 7, 71, 0x3230323431313137313734353139305f71722e706e67, '202411171745190', 29, '2024-11-17 17:45:19', '2024-11-17 17:45:19'),
(366, 'Maxillaria Fulgens', 'Especie', NULL, 4, 37, 0x3230323431313137313734353331305f71722e706e67, '202411171745310', 31, '2024-11-17 17:45:31', '2024-11-17 17:45:31'),
(367, 'Cattlionthe Ana Raquel ', 'Híbrida', NULL, 3, 18, 0x3230323431313137313734363431305f71722e706e67, '202411171746410', 29, '2024-11-17 17:46:41', '2024-11-17 17:46:41'),
(368, 'Laelia ansipsforma cornea ', 'Especie', NULL, 1, 9, 0x3230323431313137313734383539305f71722e706e67, '202411171748590', 29, '2024-11-17 17:48:59', '2024-11-17 17:48:59'),
(369, 'Cycnoches Taiwán gold mutation ', 'Híbrida', NULL, 4, 43, 0x3230323431313137313735323331305f71722e706e67, '202411171752310', 29, '2024-11-17 17:52:31', '2024-11-17 17:52:31'),
(370, 'Fredclarkeara after dásk puneset valley orchid ', 'Híbrida', NULL, 4, 43, 0x3230323431313137313735393131305f71722e706e67, '202411171759110', 29, '2024-11-17 17:59:11', '2024-11-17 17:59:11'),
(371, 'Epidendrum elipticum ', 'Especie', NULL, 1, 4, 0x3230323431313137313830303034305f71722e706e67, '202411171800040', 29, '2024-11-17 18:00:04', '2024-11-17 18:00:04'),
(372, 'Epidendrum Orange ', 'Especie', NULL, 1, 4, 0x3230323431313137313830313130305f71722e706e67, '202411171801100', 29, '2024-11-17 18:01:10', '2024-11-17 18:01:10'),
(373, 'Lycaste virginalis forma virginalis', 'Especie', NULL, 4, 20, 0x3230323431313137313830313432305f71722e706e67, '202411171801420', 32, '2024-11-17 18:01:42', '2024-11-17 18:01:42'),
(374, 'Lycaste virginalis forma virginalis', 'Especie', NULL, 4, 20, 0x3230323431313137313830313432315f71722e706e67, '202411171801421', 32, '2024-11-17 18:01:42', '2024-11-17 18:01:42'),
(375, 'Lycaste virginalis forma virginalis', 'Especie', NULL, 4, 20, 0x3230323431313137313830313432325f71722e706e67, '202411171801422', 32, '2024-11-17 18:01:42', '2024-11-17 18:01:42'),
(376, 'Lycaste virginalis forma virginalis', 'Especie', NULL, 4, 20, 0x3230323431313137313830313432335f71722e706e67, '202411171801423', 32, '2024-11-17 18:01:42', '2024-11-17 18:01:42'),
(377, 'Epidendrum (Rojo) Thayeri ', 'Especie', NULL, 1, 4, 0x3230323431313137313830323130305f71722e706e67, '202411171802100', 29, '2024-11-17 18:02:10', '2024-11-17 18:02:10'),
(378, 'Lycaste Lassioglossa', 'Especie', NULL, 4, 27, 0x3230323431313137313830323238305f71722e706e67, '202411171802280', 32, '2024-11-17 18:02:28', '2024-11-17 18:02:28'),
(379, 'Lycaste Lassioglossa', 'Especie', NULL, 4, 27, 0x3230323431313137313830323238315f71722e706e67, '202411171802281', 32, '2024-11-17 18:02:28', '2024-11-17 18:02:28'),
(380, 'Lycaste Lassioglossa', 'Especie', NULL, 4, 27, 0x3230323431313137313830323238325f71722e706e67, '202411171802282', 32, '2024-11-17 18:02:28', '2024-11-17 18:02:28'),
(381, 'Lycaste Lassioglossa', 'Especie', NULL, 4, 27, 0x3230323431313137313830323238335f71722e706e67, '202411171802283', 32, '2024-11-17 18:02:28', '2024-11-17 18:02:28'),
(382, 'stelis megachlamys', 'Especie', NULL, 9, 87, 0x3230323431313137313830333439305f71722e706e67, '202411171803490', 32, '2024-11-17 18:03:49', '2024-11-17 18:03:49'),
(383, 'stelis megachlamys', 'Especie', NULL, 9, 87, 0x3230323431313137313830333439315f71722e706e67, '202411171803491', 32, '2024-11-17 18:03:49', '2024-11-17 18:03:49'),
(384, 'Pleurothallis cardiothallis', 'Especie', NULL, 9, 84, 0x3230323431313137313830343239305f71722e706e67, '202411171804290', 32, '2024-11-17 18:04:29', '2024-11-17 18:04:29'),
(385, 'Pleurothallis correllii', 'Especie', NULL, 9, 83, 0x3230323431313137313830353136305f71722e706e67, '202411171805160', 32, '2024-11-17 18:05:16', '2024-11-17 18:05:16'),
(386, 'Pleurothallis correllii', 'Especie', NULL, 9, 83, 0x3230323431313137313830353136315f71722e706e67, '202411171805161', 32, '2024-11-17 18:05:16', '2024-11-17 18:05:16'),
(387, 'Oncidium sphacelatum', 'Especie', NULL, 5, 46, 0x3230323431313137313830353334305f71722e706e67, '202411171805340', 33, '2024-11-17 18:05:34', '2024-11-17 18:05:34'),
(388, 'Oncidium sphacelatum', 'Especie', NULL, 5, 46, 0x3230323431313137313830353334315f71722e706e67, '202411171805341', 33, '2024-11-17 18:05:34', '2024-11-17 18:05:34'),
(389, 'Oncidium colón', 'Híbrida', NULL, 5, 56, 0x3230323431313137313830363036305f71722e706e67, '202411171806060', 33, '2024-11-17 18:06:06', '2024-11-17 18:06:06'),
(390, 'Trichosalpinx ciliaris', 'Especie', NULL, 9, 96, 0x3230323431313137313830363238305f71722e706e67, '202411171806280', 32, '2024-11-17 18:06:28', '2024-11-17 18:06:28'),
(391, 'Lycaste virginalis forma alba ( Monja Blanca ) ', 'Especie', NULL, 4, 19, 0x3230323431313137313830363437305f71722e706e67, '202411171806470', 34, '2024-11-17 18:06:47', '2024-11-17 18:06:47'),
(392, 'Scaphosepalum microdactilum', 'Especie', NULL, 9, 89, 0x3230323431313137313830373030305f71722e706e67, '202411171807000', 32, '2024-11-17 18:07:00', '2024-11-17 18:07:00'),
(393, 'splecklinia marginata', 'Especie', NULL, 9, 97, 0x3230323431313137313830383439305f71722e706e67, '202411171808490', 32, '2024-11-17 18:08:49', '2024-11-17 18:08:49'),
(394, 'Maxillaria eleatior', 'Especie', NULL, 4, 36, 0x3230323431313137313831313132305f71722e706e67, '202411171811120', 32, '2024-11-17 18:11:12', '2024-11-17 18:11:12'),
(395, ' Rhyncholaelia Aristocrat', 'Híbrida', NULL, 1, 10, 0x3230323431313137313831373439305f71722e706e67, '202411171817490', 33, '2024-11-17 18:17:49', '2024-11-17 18:17:49'),
(396, 'Coelogyne Plumaceum', 'Especie', NULL, 8, 81, 0x3230323431313137313831393130305f71722e706e67, '202411171819100', 35, '2024-11-17 18:19:10', '2024-11-17 18:19:10'),
(397, 'Rossioglossum Rawdon Jester', 'Híbrida', NULL, 5, 55, 0x3230323431313137313831393235305f71722e706e67, '202411171819250', 33, '2024-11-17 18:19:25', '2024-11-17 18:19:25'),
(398, 'Rossioglossum Rawdon Jester', 'Híbrida', NULL, 5, 55, 0x3230323431313137313831393235315f71722e706e67, '202411171819251', 33, '2024-11-17 18:19:25', '2024-11-17 18:19:25'),
(399, 'stelis megachlamys', 'Especie', NULL, 9, 87, 0x3230323431313137313832303133305f71722e706e67, '202411171820130', 35, '2024-11-17 18:20:13', '2024-11-17 18:20:13'),
(400, 'Cattleya percivaliana', 'Especie', NULL, 3, 16, 0x3230323431313137313832303432305f71722e706e67, '202411171820420', 33, '2024-11-17 18:20:42', '2024-11-17 18:20:42'),
(401, 'Cattleya percivaliana', 'Especie', NULL, 3, 16, 0x3230323431313137313832303432315f71722e706e67, '202411171820421', 33, '2024-11-17 18:20:42', '2024-11-17 18:20:42'),
(402, 'Pleurothallis ruscifolia', 'Especie', NULL, 9, 84, 0x3230323431313137313832323038305f71722e706e67, '202411171822080', 35, '2024-11-17 18:22:08', '2024-11-17 18:22:08'),
(403, 'Acronia alleni ( L.O. Williams) Luer ', 'Especie', NULL, 9, 83, 0x3230323431313137313832333334305f71722e706e67, '202411171823340', 36, '2024-11-17 18:23:34', '2024-11-17 18:23:34'),
(404, 'Paphiopedilum Rosy Down', 'Híbrida', NULL, 6, 60, 0x3230323431313137313832333339305f71722e706e67, '202411171823390', 35, '2024-11-17 18:23:39', '2024-11-17 18:23:39'),
(405, 'Paphiopedilum tipo complex', 'Híbrida', NULL, 6, 60, 0x3230323431313137313832353031305f71722e706e67, '202411171825010', 35, '2024-11-17 18:25:01', '2024-11-17 18:25:01'),
(406, 'Encyclia x davidiana Archila ', 'Híbrida', NULL, 1, 6, 0x3230323431313137313832353230305f71722e706e67, '202411171825200', 36, '2024-11-17 18:25:20', '2024-11-17 18:25:20'),
(407, 'Pleurothallis rowleei', 'Especie', NULL, 9, 84, 0x3230323431313137313832353436305f71722e706e67, '202411171825460', 35, '2024-11-17 18:25:47', '2024-11-17 18:25:47'),
(408, 'Lycaste Lassioglossa', 'Especie', NULL, 4, 27, 0x3230323431313137313832363337305f71722e706e67, '202411171826370', 35, '2024-11-17 18:26:37', '2024-11-17 18:26:37'),
(409, 'Lycaste virginalis forma virginalis', 'Especie', NULL, 4, 20, 0x3230323431313137313832373330305f71722e706e67, '202411171827300', 35, '2024-11-17 18:27:30', '2024-11-17 18:27:30'),
(410, 'Lycaste virginalis forma virginalis', 'Especie', NULL, 4, 20, 0x3230323431313137313832373330315f71722e706e67, '202411171827301', 35, '2024-11-17 18:27:30', '2024-11-17 18:27:30'),
(411, 'Lepantles verapazensis Archila ', 'Especie', NULL, 9, 93, 0x3230323431313137313832373532305f71722e706e67, '202411171827520', 36, '2024-11-17 18:27:52', '2024-11-20 03:05:56'),
(412, 'Lycaste Lassioglossa', 'Especie', NULL, 4, 27, 0x3230323431313137313832383530305f71722e706e67, '202411171828500', 35, '2024-11-17 18:28:50', '2024-11-17 18:28:50'),
(413, 'Lepanthes x fonancytii Archila ', 'Híbrida', NULL, 9, 92, 0x3230323431313137313832393333305f71722e706e67, '202411171829330', 36, '2024-11-17 18:29:33', '2024-11-17 18:29:33'),
(414, 'Lycaste virginalis forma alba', 'Especie', NULL, 4, 19, 0x3230323431313137313832393333305f71722e706e67, '202411171829330', 35, '2024-11-17 18:29:33', '2024-11-17 18:29:33'),
(415, 'Cattlianthe Palmieris Pride', 'Híbrida', NULL, 2, 15, 0x3230323431313137313832393337305f71722e706e67, '202411171829370', 33, '2024-11-17 18:29:37', '2024-11-17 18:29:37'),
(416, 'Lc. Sensational Value', 'Híbrida', NULL, 3, 18, 0x3230323431313137313833303235305f71722e706e67, '202411171830250', 33, '2024-11-17 18:30:26', '2024-11-17 18:30:26'),
(417, 'Lycaste xanthocheila', 'Híbrida', NULL, 4, 31, 0x3230323431313137313833303330305f71722e706e67, '202411171830300', 35, '2024-11-17 18:30:30', '2024-11-17 18:30:30'),
(418, 'Lycaste Gladys Eljvri Red Spotled', 'Híbrida', NULL, 4, 32, 0x3230323431313137313833313537305f71722e706e67, '202411171831570', 35, '2024-11-17 18:31:57', '2024-11-17 18:31:57'),
(419, 'Masdevallia adamsii luer ', 'Especie', NULL, 9, 100, 0x3230323431313137313833323031305f71722e706e67, '202411171832010', 36, '2024-11-17 18:32:01', '2024-11-17 18:32:01'),
(420, 'Rhyncattleanthe palmieris Aurantia', 'Híbrida', NULL, 2, 15, 0x3230323431313137313833323230305f71722e706e67, '202411171832200', 33, '2024-11-17 18:32:20', '2024-11-17 18:32:20'),
(421, 'Rhyncattleanthe palmieris Aurantia', 'Híbrida', NULL, 2, 15, 0x3230323431313137313833323230315f71722e706e67, '202411171832201', 33, '2024-11-17 18:32:20', '2024-11-17 18:32:20'),
(422, 'Rhyncattleanthe palmieris Aurantia', 'Híbrida', NULL, 2, 15, 0x3230323431313137313833323230325f71722e706e67, '202411171832202', 33, '2024-11-17 18:32:21', '2024-11-17 18:32:21'),
(423, 'Rhyncattleanthe palmieris Aurantia', 'Híbrida', NULL, 2, 15, 0x3230323431313137313833323231335f71722e706e67, '202411171832213', 33, '2024-11-17 18:32:21', '2024-11-17 18:32:21'),
(424, 'Rhyncattleanthe palmieris Aurantia', 'Híbrida', NULL, 2, 15, 0x3230323431313137313833323231345f71722e706e67, '202411171832214', 33, '2024-11-17 18:32:21', '2024-11-17 18:32:21'),
(425, 'Rhyncattleanthe palmieris Aurantia', 'Híbrida', NULL, 2, 15, 0x3230323431313137313833323231355f71722e706e67, '202411171832215', 33, '2024-11-17 18:32:21', '2024-11-17 18:32:21'),
(426, 'Rhyncattleanthe palmieris Aurantia', 'Híbrida', NULL, 2, 15, 0x3230323431313137313833323231365f71722e706e67, '202411171832216', 33, '2024-11-17 18:32:21', '2024-11-17 18:32:21'),
(427, 'Rhyncattleanthe palmieris Aurantia', 'Híbrida', NULL, 2, 15, 0x3230323431313137313833323231375f71722e706e67, '202411171832217', 33, '2024-11-17 18:32:21', '2024-11-17 18:32:21'),
(428, 'Rhyncattleanthe palmieris Aurantia', 'Híbrida', NULL, 2, 15, 0x3230323431313137313833323231385f71722e706e67, '202411171832218', 33, '2024-11-17 18:32:21', '2024-11-17 18:32:21'),
(429, 'Rhyncattleanthe palmieris Aurantia', 'Híbrida', NULL, 2, 15, 0x3230323431313137313833323231395f71722e706e67, '202411171832219', 33, '2024-11-17 18:32:21', '2024-11-17 18:32:21'),
(430, 'Rhyncattleanthe palmieris Aurantia', 'Híbrida', NULL, 2, 15, 0x323032343131313731383332323131305f71722e706e67, '2024111718322110', 33, '2024-11-17 18:32:21', '2024-11-17 18:32:21'),
(431, 'Rhyncattleanthe palmieris Aurantia', 'Híbrida', NULL, 2, 15, 0x323032343131313731383332323131315f71722e706e67, '2024111718322111', 33, '2024-11-17 18:32:21', '2024-11-17 18:32:21'),
(432, 'Rhyncattleanthe palmieris Aurantia', 'Híbrida', NULL, 2, 15, 0x323032343131313731383332323131325f71722e706e67, '2024111718322112', 33, '2024-11-17 18:32:21', '2024-11-17 18:32:21'),
(433, 'Rhyncattleanthe palmieris Aurantia', 'Híbrida', NULL, 2, 15, 0x323032343131313731383332323131335f71722e706e67, '2024111718322113', 33, '2024-11-17 18:32:21', '2024-11-17 18:32:21'),
(434, 'Rhyncattleanthe palmieris Aurantia', 'Híbrida', NULL, 2, 15, 0x323032343131313731383332323131345f71722e706e67, '2024111718322114', 33, '2024-11-17 18:32:21', '2024-11-17 18:32:21'),
(435, 'Rhyncattleanthe palmieris Aurantia', 'Híbrida', NULL, 2, 15, 0x323032343131313731383332323131355f71722e706e67, '2024111718322115', 33, '2024-11-17 18:32:21', '2024-11-17 18:32:21'),
(436, 'Masdevallia floribunda Lindl. ', 'Especie', NULL, 9, 100, 0x3230323431313137313833323535305f71722e706e67, '202411171832550', 36, '2024-11-17 18:32:55', '2024-11-17 18:32:55'),
(437, 'Lycaste Shoalharen moriyama x Shoalharen Kioto', 'Híbrida', NULL, 4, 32, 0x3230323431313137313833333231305f71722e706e67, '202411171833210', 35, '2024-11-17 18:33:21', '2024-11-17 18:33:21'),
(438, 'Oncidium leucochilum', 'Híbrida', NULL, 5, 56, 0x3230323431313137313833333238305f71722e706e67, '202411171833280', 33, '2024-11-17 18:33:28', '2024-11-17 18:33:28'),
(439, 'Schomburkia crispa (marginata)', 'Híbrida', NULL, 1, 9, 0x3230323431313137313833343136305f71722e706e67, '202411171834160', 33, '2024-11-17 18:34:16', '2024-11-17 18:34:16'),
(440, 'Platystele ovatilabia ( Ames y C.Shweinf) Garay ', 'Especie', NULL, 9, 90, 0x3230323431313137313833343431305f71722e706e67, '202411171834410', 36, '2024-11-17 18:34:41', '2024-11-17 18:34:41'),
(441, 'Brassocattleya Maria hatnay', 'Híbrida', NULL, 3, 18, 0x3230323431313137313833353532305f71722e706e67, '202411171835520', 33, '2024-11-17 18:35:52', '2024-11-17 18:35:52'),
(442, 'Platystele pedicellaris ( Schltr. ) Garay ', 'Especie', NULL, 9, 90, 0x3230323431313137313833363231305f71722e706e67, '202411171836210', 36, '2024-11-17 18:36:21', '2024-11-17 18:36:21'),
(443, 'Vanda pat Delight (Fucsia)', 'Híbrida', NULL, 7, 65, 0x3230323431313137313833373130305f71722e706e67, '202411171837100', 33, '2024-11-17 18:37:10', '2024-11-17 18:37:10'),
(444, 'Restrepia archilarum Chiron y Szlach.', 'Especie', NULL, 9, 99, 0x3230323431313137313833373137305f71722e706e67, '202411171837170', 36, '2024-11-17 18:37:17', '2024-11-17 18:37:17'),
(445, 'Vanda Blue Ploenchit', 'Híbrida', NULL, 7, 65, 0x3230323431313137313833373436305f71722e706e67, '202411171837460', 33, '2024-11-17 18:37:46', '2024-11-17 18:37:46'),
(446, 'Scaphosepalum standleyi Ames ', 'Especie', NULL, 9, 89, 0x3230323431313137313833393132305f71722e706e67, '202411171839120', 36, '2024-11-17 18:39:12', '2024-11-17 18:39:12'),
(447, 'Vanda Dr. Anek x Blites Hearttrob', 'Híbrida', NULL, 7, 65, 0x3230323431313137313833393431305f71722e706e67, '202411171839410', 33, '2024-11-17 18:39:41', '2024-11-17 18:39:41'),
(448, 'Lycaste virginalis forma virginalis', 'Especie', NULL, 4, 20, 0x3230323431313137313834303030305f71722e706e67, '202411171840000', 37, '2024-11-17 18:40:00', '2024-11-17 18:40:00'),
(449, 'Specklinia fuego ( Rchb.f.) Solano y Soto Arenas ', 'Especie', NULL, 9, 97, 0x3230323431313137313834303233305f71722e706e67, '202411171840230', 36, '2024-11-17 18:40:23', '2024-11-17 18:40:23'),
(450, 'Cattleanthe Ana Raquel', 'Híbrida', NULL, 2, 15, 0x3230323431313137313834303239305f71722e706e67, '202411171840290', 33, '2024-11-17 18:40:29', '2024-11-17 18:40:29'),
(451, 'Brassavola nodosa', 'Especie', NULL, 1, 8, 0x3230323431313137313834313032305f71722e706e67, '202411171841020', 33, '2024-11-17 18:41:02', '2024-11-17 18:44:24'),
(452, 'Lycaste lasioglossa', 'Especie', NULL, 4, 27, 0x3230323431313137313834313037305f71722e706e67, '202411171841070', 37, '2024-11-17 18:41:07', '2024-11-17 18:41:07'),
(453, 'Stelis bidentata Schltr. ', 'Especie', NULL, 9, 88, 0x3230323431313137313834313138305f71722e706e67, '202411171841180', 36, '2024-11-17 18:41:18', '2024-11-17 18:41:18'),
(454, 'Barkeria whartoniana', 'Especie', NULL, 1, 5, 0x3230323431313137313834313234305f71722e706e67, '202411171841240', 38, '2024-11-17 18:41:24', '2024-11-17 18:41:24'),
(455, 'Barkeria whartoniana', 'Especie', NULL, 1, 5, 0x3230323431313137313834313234315f71722e706e67, '202411171841241', 38, '2024-11-17 18:41:24', '2024-11-17 18:41:24'),
(456, 'Barkeria whartoniana', 'Especie', NULL, 1, 5, 0x3230323431313137313834313234325f71722e706e67, '202411171841242', 38, '2024-11-17 18:41:24', '2024-11-17 18:41:24'),
(457, 'Barkeria whartoniana', 'Especie', NULL, 1, 5, 0x3230323431313137313834313234335f71722e706e67, '202411171841243', 38, '2024-11-17 18:41:25', '2024-11-17 18:41:25'),
(458, 'Epidendrum archilarum Chiron  ', 'Especie', NULL, 1, 1, 0x3230323431313137313834323231305f71722e706e67, '202411171842210', 36, '2024-11-17 18:42:21', '2024-11-17 18:42:21'),
(459, 'Phalaenopsis Ferrara', 'Híbrida', NULL, 7, 70, 0x3230323431313137313834323237305f71722e706e67, '202411171842270', 33, '2024-11-17 18:42:27', '2024-11-17 18:42:27'),
(460, 'Phalaenopsis white lip', 'Híbrida', NULL, 7, 69, 0x3230323431313137313834333137305f71722e706e67, '202411171843170', 33, '2024-11-17 18:43:17', '2024-11-17 18:43:17'),
(461, 'Phalaenopsis moteada', 'Híbrida', NULL, 7, 70, 0x3230323431313137313834343035305f71722e706e67, '202411171844050', 33, '2024-11-17 18:44:05', '2024-11-17 18:44:05'),
(462, 'Phragmipediun besseae', 'Especie', NULL, 6, 57, 0x3230323431313137313835353230305f71722e706e67, '202411171855200', 39, '2024-11-17 18:55:20', '2024-11-17 18:55:20'),
(463, 'Paphiopedilum Leeanum', 'Especie', NULL, 6, 60, 0x3230323431313137313835363035305f71722e706e67, '202411171856050', 39, '2024-11-17 18:56:05', '2024-11-17 18:56:05'),
(464, 'Lycaste Lassioglossa', 'Especie', NULL, 4, 27, 0x3230323431313137313835363433305f71722e706e67, '202411171856430', 39, '2024-11-17 18:56:43', '2024-11-17 18:56:43'),
(465, 'paphiopedium duncan-york', 'Híbrida', NULL, 6, 62, 0x3230323431313137313930383335305f71722e706e67, '202411171908350', 22, '2024-11-17 19:08:35', '2024-11-17 19:08:35'),
(466, 'paphiopedium duncan-york', 'Híbrida', NULL, 6, 62, 0x3230323431313137313930383335305f71722e706e67, '202411171908350', 22, '2024-11-17 19:08:35', '2024-11-17 19:08:35'),
(467, 'pleurothalis cardiotalis', 'Especie', NULL, 9, 84, 0x3230323431313137313930393238305f71722e706e67, '202411171909280', 22, '2024-11-17 19:09:28', '2024-11-17 19:09:28'),
(468, 'Rosioglosumgrande', 'Especie', NULL, 5, 49, 0x3230323431313137313931303134305f71722e706e67, '202411171910140', 22, '2024-11-17 19:10:14', '2024-11-17 19:10:14'),
(469, 'Stelis inmersa', 'Especie', NULL, 9, 87, 0x3230323431313137313931313431305f71722e706e67, '202411171911410', 22, '2024-11-17 19:11:41', '2024-11-17 19:11:41'),
(470, 'Stelis guatemalensis', 'Especie', NULL, 9, 87, 0x3230323431313137313931323233305f71722e706e67, '202411171912230', 22, '2024-11-17 19:12:23', '2024-11-17 19:12:23'),
(471, 'Maxillaria eleatior', 'Especie', NULL, 4, 36, 0x3230323431313137323034383435305f71722e706e67, '202411172048450', 40, '2024-11-17 20:48:45', '2024-11-17 20:48:45'),
(472, 'Maxillaria variabilis', 'Especie', NULL, 4, 36, 0x3230323431313137323034393238305f71722e706e67, '202411172049280', 40, '2024-11-17 20:49:28', '2024-11-17 20:49:28'),
(473, 'Maxillaria variabilis', 'Especie', NULL, 4, 36, 0x3230323431313137323034393238315f71722e706e67, '202411172049281', 40, '2024-11-17 20:49:28', '2024-11-17 20:49:28'),
(474, 'Lycaste Reina del Cisne \"Nikole\"', 'Híbrida', NULL, 4, 32, 0x3230323431313137323035343236305f71722e706e67, '202411172054260', 41, '2024-11-17 20:54:26', '2024-11-17 20:54:26'),
(475, 'Pragmipedium \"Eumelia Anas\"', 'Híbrida', NULL, 6, 58, 0x3230323431313137323130313234305f71722e706e67, '202411172101240', 41, '2024-11-17 21:01:24', '2024-11-17 21:01:24'),
(476, 'Epidendrum hibrido', 'Híbrida', NULL, 1, 4, 0x3230323431313137323130343034305f71722e706e67, '202411172104040', 41, '2024-11-17 21:04:04', '2024-11-17 21:04:04'),
(477, 'Anagrecum Sisquipedale', 'Especie', NULL, 7, 66, 0x3230323431313137323130353336305f71722e706e67, '202411172105360', 41, '2024-11-17 21:05:36', '2024-11-17 21:05:36'),
(478, 'Lycaste virginalis forma alba', 'Especie', NULL, 4, 19, 0x3230323431313137323130363236305f71722e706e67, '202411172106260', 41, '2024-11-17 21:06:26', '2024-11-17 21:06:26'),
(479, 'Lycaste x Luciani', 'Híbrida', NULL, 4, 31, 0x3230323431313137323130373135305f71722e706e67, '202411172107150', 41, '2024-11-17 21:07:15', '2024-11-17 21:07:15'),
(480, 'Paphiopedilum Druid Spring', 'Híbrida', NULL, 6, 62, 0x3230323431313137323130383139305f71722e706e67, '202411172108190', 41, '2024-11-17 21:08:19', '2024-11-17 21:08:19'),
(481, 'Oncidium Sharry Baby', 'Híbrida', NULL, 5, 56, 0x3230323431313137323130393035305f71722e706e67, '202411172109050', 41, '2024-11-17 21:09:05', '2024-11-17 21:09:05'),
(482, 'Coelogyne Plumaceum', 'Híbrida', NULL, 8, 81, 0x3230323431313137323130393536305f71722e706e67, '202411172109560', 41, '2024-11-17 21:09:56', '2024-11-17 21:09:56'),
(483, 'Phaws tankervillae x Canthe Rozel', 'Híbrida', NULL, 8, 82, 0x3230323431313137323131313236305f71722e706e67, '202411172111260', 41, '2024-11-17 21:11:26', '2024-11-17 21:11:26'),
(484, 'Koellensteinia graminea', 'Especie', NULL, 4, 41, 0x3230323431313137323131333130305f71722e706e67, '202411172113100', 41, '2024-11-17 21:13:10', '2024-11-17 21:13:10'),
(485, 'stelis megachlamys fma viridiflavens', 'Especie', NULL, 9, 87, 0x3230323431313137323131353236305f71722e706e67, '202411172115260', 41, '2024-11-17 21:15:26', '2024-11-17 21:15:26'),
(486, 'Fredclarkeara After Dora \"BlackPearl\"', 'Híbrida', NULL, 5, 47, 0x3230323431313137323131363338305f71722e706e67, '202411172116380', 41, '2024-11-17 21:16:38', '2024-11-17 21:16:38'),
(487, 'Cattlianthe hibrida', 'Híbrida', NULL, 2, 15, 0x3230323431313137323131373432305f71722e706e67, '202411172117420', 41, '2024-11-17 21:17:42', '2024-11-17 21:17:42'),
(488, 'Lycaste virginalis forma superba', 'Especie', NULL, 4, 21, 0x3230323431313137323131383439305f71722e706e67, '202411172118490', 42, '2024-11-17 21:18:49', '2024-11-17 21:18:49'),
(489, 'Lycaste virginalis forma superba', 'Especie', NULL, 4, 21, 0x3230323431313137323131383439315f71722e706e67, '202411172118491', 42, '2024-11-17 21:18:49', '2024-11-17 21:18:49'),
(490, 'Lycaste virginalis forma superba', 'Especie', NULL, 4, 21, 0x3230323431313137323131383439325f71722e706e67, '202411172118492', 42, '2024-11-17 21:18:49', '2024-11-17 21:18:49'),
(491, 'Lycaste virginalis forma virginalis', 'Especie', NULL, 4, 20, 0x3230323431313137323131393336305f71722e706e67, '202411172119360', 42, '2024-11-17 21:19:36', '2024-11-17 21:19:36'),
(492, 'Lycaste lasioglossa', 'Especie', NULL, 4, 27, 0x3230323431313137323132303137305f71722e706e67, '202411172120170', 42, '2024-11-17 21:20:17', '2024-11-17 21:20:17'),
(493, 'Lycaste virginalis forma alba', 'Especie', NULL, 4, 19, 0x3230323431313137323132303432305f71722e706e67, '202411172120420', 42, '2024-11-17 21:20:42', '2024-11-17 21:20:42'),
(494, 'Mormolyca hedwigiae', 'Especie', NULL, 4, 37, 0x3230323431313137323132313137305f71722e706e67, '202411172121170', 43, '2024-11-17 21:21:17', '2024-11-17 21:21:17'),
(495, 'Blc Young Min Orange', 'Híbrida', NULL, 2, 15, 0x3230323431313137323132313533305f71722e706e67, '202411172121530', 43, '2024-11-17 21:21:53', '2024-11-17 21:21:53'),
(496, 'Dendrobium fire wings', 'Híbrida', NULL, 8, 78, 0x3230323431313137323132323338305f71722e706e67, '202411172122380', 43, '2024-11-17 21:22:38', '2024-11-17 21:22:38'),
(497, 'Lycaste Reina del Cisne \"Nikole\"', 'Híbrida', NULL, 4, 32, 0x3230323431313137323132343236305f71722e706e67, '202411172124260', 41, '2024-11-17 21:24:26', '2024-11-17 21:24:26'),
(498, 'Lycaste gladys Eljuri \"Red Spottled\"', 'Híbrida', NULL, 4, 32, 0x3230323431313137323132353036305f71722e706e67, '202411172125060', 42, '2024-11-17 21:25:06', '2024-11-17 21:25:06'),
(499, 'Lycaste gladys Eljuri \"Red Spottled\"', 'Híbrida', NULL, 4, 32, 0x3230323431313137323132353036315f71722e706e67, '202411172125061', 42, '2024-11-17 21:25:06', '2024-11-17 21:25:06'),
(500, 'Lycaste xmicheli', 'Híbrida', NULL, 4, 31, 0x3230323431313137323132353339305f71722e706e67, '202411172125390', 42, '2024-11-17 21:25:39', '2024-11-17 21:25:39'),
(501, 'Phragmipedium \"Eumelia Arias\"', 'Híbrida', NULL, 6, 58, 0x3230323431313137323132363434305f71722e706e67, '202411172126440', 41, '2024-11-17 21:26:44', '2024-11-17 21:26:44'),
(502, 'Lycaste virginalis forma virginalis', 'Especie', NULL, 4, 20, 0x3230323431313137323132373138305f71722e706e67, '202411172127180', 45, '2024-11-17 21:27:18', '2024-11-17 21:27:18'),
(503, 'Epidendrum hibrido', 'Híbrida', NULL, 1, 4, 0x3230323431313137323132383330305f71722e706e67, '202411172128300', 41, '2024-11-17 21:28:30', '2024-11-17 21:28:30'),
(504, 'Dendrobium tipo phaleanopsis', 'Híbrida', NULL, 8, 78, 0x3230323431313137323132393339305f71722e706e67, '202411172129390', 45, '2024-11-17 21:29:39', '2024-11-17 21:29:39'),
(505, 'Lycaste virginalis forma virginalis', 'Especie', NULL, 4, 20, 0x3230323431313137323133313439305f71722e706e67, '202411172131490', 45, '2024-11-17 21:31:49', '2024-11-17 21:31:49'),
(506, 'Lycaste virginalis forma virginalis', 'Especie', NULL, 4, 20, 0x3230323431313137323133313439315f71722e706e67, '202411172131491', 45, '2024-11-17 21:31:49', '2024-11-17 21:31:49'),
(507, 'Lycaste virginalis forma virginalis', 'Especie', NULL, 4, 20, 0x3230323431313137323133313439325f71722e706e67, '202411172131492', 45, '2024-11-17 21:31:49', '2024-11-17 21:31:49'),
(508, 'Phaius tankervilleae', 'Especie', NULL, 8, 82, 0x3230323431313137323133313531305f71722e706e67, '202411172131510', 2, '2024-11-17 21:31:51', '2024-11-17 21:31:51'),
(509, 'Epidendrum veroscriptum', 'Especie', NULL, 1, 2, 0x3230323431313137323133323332305f71722e706e67, '202411172132320', 2, '2024-11-17 21:32:32', '2024-11-17 21:32:32'),
(510, 'Epidendrum veroscriptum', 'Especie', NULL, 1, 2, 0x3230323431313137323133323332315f71722e706e67, '202411172132321', 2, '2024-11-17 21:32:32', '2024-11-17 21:32:32'),
(511, 'Encyclia chloroleuca', 'Especie', NULL, 1, 6, 0x3230323431313137323133323536305f71722e706e67, '202411172132560', 45, '2024-11-17 21:32:56', '2024-11-18 23:44:10'),
(512, 'Masdevallia floribunda', 'Especie', NULL, 9, 100, 0x3230323431313137323133333431305f71722e706e67, '202411172133410', 45, '2024-11-17 21:33:41', '2024-11-17 21:33:41'),
(513, 'Oncidium javieri', 'Especie', NULL, 5, 46, 0x3230323431313137323133333531305f71722e706e67, '202411172133510', 2, '2024-11-17 21:33:51', '2024-11-17 21:33:51'),
(514, 'Oncidium javieri', 'Especie', NULL, 5, 46, 0x3230323431313137323133333531315f71722e706e67, '202411172133511', 2, '2024-11-17 21:33:51', '2024-11-17 21:33:51'),
(515, 'Oncidium javieri', 'Especie', NULL, 5, 46, 0x3230323431313137323133333531325f71722e706e67, '202411172133512', 2, '2024-11-17 21:33:51', '2024-11-17 21:33:51'),
(516, 'Oncidium javieri', 'Especie', NULL, 5, 46, 0x3230323431313137323133333531335f71722e706e67, '202411172133513', 2, '2024-11-17 21:33:51', '2024-11-17 21:33:51'),
(517, 'Oncidium javieri', 'Especie', NULL, 5, 46, 0x3230323431313137323133333531345f71722e706e67, '202411172133514', 2, '2024-11-17 21:33:51', '2024-11-17 21:33:51'),
(518, 'Oncidium javieri', 'Especie', NULL, 5, 46, 0x3230323431313137323133333531355f71722e706e67, '202411172133515', 2, '2024-11-17 21:33:51', '2024-11-17 21:33:51'),
(519, 'Oncidium javieri', 'Especie', NULL, 5, 46, 0x3230323431313137323133333531365f71722e706e67, '202411172133516', 2, '2024-11-17 21:33:51', '2024-11-17 21:33:51'),
(520, 'Oncidium javieri', 'Especie', NULL, 5, 46, 0x3230323431313137323133333531375f71722e706e67, '202411172133517', 2, '2024-11-17 21:33:51', '2024-11-17 21:33:51'),
(521, 'Oncidium javieri', 'Especie', NULL, 5, 46, 0x3230323431313137323133333531385f71722e706e67, '202411172133518', 2, '2024-11-17 21:33:51', '2024-11-17 21:33:51'),
(522, 'Oncidium javieri', 'Especie', NULL, 5, 46, 0x3230323431313137323133333531395f71722e706e67, '202411172133519', 2, '2024-11-17 21:33:51', '2024-11-17 21:33:51'),
(523, 'Oncidium javieri', 'Especie', NULL, 5, 46, 0x323032343131313732313333353131305f71722e706e67, '2024111721335110', 2, '2024-11-17 21:33:51', '2024-11-17 21:33:51'),
(524, 'Oncidium javieri', 'Especie', NULL, 5, 46, 0x323032343131313732313333353131315f71722e706e67, '2024111721335111', 2, '2024-11-17 21:33:51', '2024-11-17 21:33:51'),
(525, 'Pleurothallis correllii', 'Especie', NULL, 7, 83, 0x3230323431313137323133343433305f71722e706e67, '202411172134430', 45, '2024-11-17 21:34:43', '2024-11-20 01:48:35'),
(526, 'Lycaste x luciani', 'Híbrida', NULL, 4, 31, 0x3230323431313137323133343533305f71722e706e67, '202411172134530', 2, '2024-11-17 21:34:53', '2024-11-17 21:34:53'),
(527, 'Angraecum sesquipedale', 'Especie', NULL, 7, 66, 0x3230323431313137323133343538305f71722e706e67, '202411172134580', 41, '2024-11-17 21:34:58', '2024-11-17 21:34:58'),
(528, 'Pleurothallis correllii', 'Especie', NULL, 7, 83, 0x3230323431313137323133353136305f71722e706e67, '202411172135160', 45, '2024-11-17 21:35:16', '2024-11-20 01:47:59'),
(529, 'Phalaenopsis', 'Híbrida', NULL, 7, 70, 0x3230323431313137323133353136315f71722e706e67, '202411172135161', 45, '2024-11-17 21:35:16', '2024-11-17 21:35:16'),
(530, 'Phalaenopsis', 'Híbrida', NULL, 7, 70, 0x3230323431313137323133353136325f71722e706e67, '202411172135162', 45, '2024-11-17 21:35:16', '2024-11-17 21:35:16'),
(531, 'Lycaste lasioglossa', 'Especie', NULL, 4, 27, 0x3230323431313137323133353234305f71722e706e67, '202411172135240', 2, '2024-11-17 21:35:24', '2024-11-17 21:35:24'),
(532, 'Lycaste lasioglossa', 'Especie', NULL, 4, 27, 0x3230323431313137323133353234315f71722e706e67, '202411172135241', 2, '2024-11-17 21:35:24', '2024-11-17 21:35:24'),
(533, 'Lycaste virginalis forma alba', 'Especie', NULL, 4, 19, 0x3230323431313137323133353536305f71722e706e67, '202411172135560', 41, '2024-11-17 21:35:56', '2024-11-17 21:35:56'),
(534, 'Oncidium oligantum', 'Especie', NULL, 5, 46, 0x3230323431313137323133363130305f71722e706e67, '202411172136100', 45, '2024-11-17 21:36:10', '2024-11-17 21:36:10'),
(535, 'Prosthechea cochleata', 'Especie', NULL, 1, 7, 0x3230323431313137323133363432305f71722e706e67, '202411172136420', 45, '2024-11-17 21:36:42', '2024-11-17 21:36:42'),
(536, 'Paphiopedilum Lathamianum', 'Híbrida', NULL, 6, 60, 0x3230323431313137323133363530305f71722e706e67, '202411172136500', 2, '2024-11-17 21:36:50', '2024-11-17 21:36:50'),
(537, 'Lycaste X luciani', 'Híbrida', NULL, 4, 31, 0x3230323431313137323133373132305f71722e706e67, '202411172137120', 41, '2024-11-17 21:37:12', '2024-11-17 21:37:12'),
(538, 'Xilobium foveatum', 'Especie', NULL, 4, 39, 0x3230323431313137323133373533305f71722e706e67, '202411172137530', 45, '2024-11-17 21:37:53', '2024-11-17 21:37:53'),
(539, 'Phalaenopsis Mini', 'Híbrida', NULL, 7, 71, 0x3230323431313137323133383333305f71722e706e67, '202411172138330', 2, '2024-11-17 21:38:33', '2024-11-17 21:38:33'),
(540, 'Pleurothallis correllii', 'Especie', NULL, 9, 83, 0x3230323431313137323133393138305f71722e706e67, '202411172139180', 45, '2024-11-17 21:39:18', '2024-11-17 21:39:18'),
(541, 'Pleurothallis correllii', 'Especie', NULL, 9, 83, 0x3230323431313137323133393138315f71722e706e67, '202411172139181', 45, '2024-11-17 21:39:18', '2024-11-17 21:39:18'),
(542, 'Paphiopedilum Druid Spring', 'Híbrida', NULL, 6, 62, 0x3230323431313137323133393139305f71722e706e67, '202411172139190', 41, '2024-11-17 21:39:19', '2024-11-17 21:39:19'),
(543, 'Pleurothallis pansamalae', 'Especie', NULL, 9, 83, 0x3230323431313137323134303135305f71722e706e67, '202411172140150', 2, '2024-11-17 21:40:15', '2024-11-17 21:40:15'),
(544, 'Pleurothallis pansamalae', 'Especie', NULL, 9, 83, 0x3230323431313137323134303135315f71722e706e67, '202411172140151', 2, '2024-11-17 21:40:15', '2024-11-17 21:40:15'),
(545, 'Oncidium sharry baby', 'Híbrida', NULL, 5, 56, 0x3230323431313137323134303539305f71722e706e67, '202411172140590', 41, '2024-11-17 21:40:59', '2024-11-17 21:40:59'),
(546, 'Paphiopedilum Leeanum ', 'Híbrida', NULL, 6, 60, 0x3230323431313137323134303539305f71722e706e67, '202411172140590', 45, '2024-11-17 21:40:59', '2024-11-17 21:40:59'),
(547, 'Coelogyne plumaceum', 'Especie', NULL, 8, 81, 0x3230323431313137323134323330305f71722e706e67, '202411172142300', 41, '2024-11-17 21:42:30', '2024-11-17 21:42:30'),
(548, 'Phaius tankervilleae x Canthe Rozel', 'Híbrida', NULL, 8, 82, 0x3230323431313137323134343035305f71722e706e67, '202411172144050', 41, '2024-11-17 21:44:05', '2024-11-17 21:44:05'),
(549, 'Koellensteinia graminea', 'Especie', NULL, 4, 41, 0x3230323431313137323134353238305f71722e706e67, '202411172145280', 41, '2024-11-17 21:45:28', '2024-11-17 21:45:28'),
(550, 'Phalaenopsis', 'Hibrida', NULL, 7, 70, 0x3230323431313137323134353333305f71722e706e67, '202411172145330', 45, '2024-11-17 21:45:33', '2024-11-20 01:50:39'),
(551, 'Stelis megachlamys fmo. viridiflavens', 'Especie', NULL, 9, 87, 0x3230323431313137323134373533305f71722e706e67, '202411172147530', 41, '2024-11-17 21:47:53', '2024-11-17 21:47:53'),
(552, 'Fredclarkeara after dark \"Black pearl\"', 'Híbrida', NULL, 4, 43, 0x3230323431313137323134393231305f71722e706e67, '202411172149210', 41, '2024-11-17 21:49:21', '2024-11-17 21:49:21'),
(553, 'Cattlianthe hibrida', 'Híbrida', NULL, 2, 15, 0x3230323431313137323135303431305f71722e706e67, '202411172150410', 41, '2024-11-17 21:50:41', '2024-11-17 21:50:41'),
(554, 'Masdevallia floribunda', 'Especie', NULL, 9, 100, 0x3230323431313137323230313136305f71722e706e67, '202411172201160', 45, '2024-11-17 22:01:16', '2024-11-17 22:01:16'),
(555, 'phalaenopsis Blanca', 'Híbrida', NULL, 7, 69, 0x3230323431313137323230363534305f71722e706e67, '202411172206540', 45, '2024-11-17 22:06:54', '2024-11-17 22:06:54'),
(556, 'Epidendrum secundum', 'Especie', NULL, 1, 4, 0x3230323431313137323231313538305f71722e706e67, '202411172211580', 45, '2024-11-17 22:11:58', '2024-11-17 22:11:58'),
(557, 'Restrepia Muscifera', 'Especie', NULL, 9, 99, 0x3230323431313137323233303330305f71722e706e67, '202411172230300', 47, '2024-11-17 22:30:30', '2024-11-17 22:30:30'),
(558, 'Trichocentrum candidum', 'Especie', NULL, 10, 105, 0x3230323431313137323233313436305f71722e706e67, '202411172231460', 47, '2024-11-17 22:31:46', '2024-11-17 22:31:46'),
(559, 'Stelis pachyglossa ', 'Especie', NULL, 9, 87, 0x3230323431313137323233333335305f71722e706e67, '202411172233350', 47, '2024-11-17 22:33:35', '2024-11-17 22:33:35'),
(560, 'Specklinia sp.', 'Especie', NULL, 9, 97, 0x3230323431313137323233343337305f71722e706e67, '202411172234370', 47, '2024-11-17 22:34:37', '2024-11-17 22:34:37'),
(561, 'Christensonella uncata', 'Especie', NULL, 4, 37, 0x3230323431313137323233353339305f71722e706e67, '202411172235390', 47, '2024-11-17 22:35:39', '2024-11-17 22:35:39'),
(562, 'Phaius tankervilleae', 'Especie', NULL, 8, 82, 0x3230323431313137323233363430305f71722e706e67, '202411172236400', 47, '2024-11-17 22:36:41', '2024-11-17 22:36:41'),
(563, 'Epidendrum veroscriptum', 'Especie', NULL, 1, 2, 0x3230323431313137323233373336305f71722e706e67, '202411172237360', 47, '2024-11-17 22:37:36', '2024-11-17 22:37:36'),
(564, 'Pleurothallis cardiothallis', 'Especie', NULL, 9, 84, 0x3230323431313137323332323336305f71722e706e67, '202411172322360', 48, '2024-11-17 23:22:36', '2024-11-17 23:22:36'),
(565, 'Epidendrum secundum', 'Especie', NULL, 1, 4, 0x3230323431313137323332333135305f71722e706e67, '202411172323150', 48, '2024-11-17 23:23:15', '2024-11-17 23:23:15'),
(566, 'Cattleya Hibrido', 'Híbrida', NULL, 2, 15, 0x3230323431313137323332333436305f71722e706e67, '202411172323460', 48, '2024-11-17 23:23:46', '2024-11-17 23:23:46'),
(567, 'Cattleya percivaliana', 'Híbrida', NULL, 3, 16, 0x3230323431313137323332353533305f71722e706e67, '202411172325530', 48, '2024-11-17 23:25:53', '2024-11-17 23:25:53'),
(568, 'Laelia anceps fm. carnea', 'Especie', NULL, 1, 9, 0x3230323431313137323334333235305f71722e706e67, '202411172343250', 49, '2024-11-17 23:43:25', '2024-11-17 23:43:25'),
(569, 'Maxilaria varibillis', 'Especie', NULL, 4, 36, 0x3230323431313137323334333439305f71722e706e67, '202411172343490', 49, '2024-11-17 23:43:49', '2024-11-17 23:43:49'),
(570, 'Maxilaria varibillis', 'Especie', NULL, 4, 36, 0x3230323431313137323334333439315f71722e706e67, '202411172343491', 49, '2024-11-17 23:43:49', '2024-11-17 23:43:49'),
(571, 'Laelia rubescens', 'Especie', NULL, 1, 9, 0x3230323431313137323334343236305f71722e706e67, '202411172344260', 49, '2024-11-17 23:44:26', '2024-11-17 23:44:26'),
(572, 'phragmipendium super rubies', 'Híbrida', NULL, 6, 58, 0x3230323431313137323334343433305f71722e706e67, '202411172344430', 49, '2024-11-17 23:44:43', '2024-11-17 23:44:43'),
(573, 'Brassidium Mystic Maze', 'Híbrida', NULL, 5, 55, 0x3230323431313137323334353437305f71722e706e67, '202411172345470', 49, '2024-11-17 23:45:47', '2024-11-17 23:45:47'),
(574, 'Potinara 24 Karat x Guarianthe', 'Híbrida', NULL, 2, 15, 0x3230323431313137323334373338305f71722e706e67, '202411172347380', 49, '2024-11-17 23:47:38', '2024-11-17 23:47:38'),
(575, 'Spathoglottis Plicata', 'Especie', NULL, 8, 82, 0x3230323431313137323334373535305f71722e706e67, '202411172347550', 49, '2024-11-17 23:47:55', '2024-11-17 23:47:55'),
(576, 'Spathoglottis Plicata', 'Especie', NULL, 8, 82, 0x3230323431313137323334373535315f71722e706e67, '202411172347551', 49, '2024-11-17 23:47:55', '2024-11-17 23:47:55');
INSERT INTO `tb_orquidea` (`id_orquidea`, `nombre_planta`, `origen`, `foto`, `id_grupo`, `id_clase`, `qr_code`, `codigo_orquidea`, `id_participante`, `fecha_creacion`, `fecha_actualizacion`) VALUES
(577, 'Spathoglottis Plicata', 'Especie', NULL, 8, 82, 0x3230323431313137323334373535325f71722e706e67, '202411172347552', 49, '2024-11-17 23:47:55', '2024-11-17 23:47:55'),
(578, 'Spathoglottis Plicata', 'Especie', NULL, 8, 82, 0x3230323431313137323334373535335f71722e706e67, '202411172347553', 49, '2024-11-17 23:47:55', '2024-11-17 23:47:55'),
(579, 'Lycaste virginalis forma alba', 'Especie', NULL, 4, 19, 0x3230323431313137323334393335305f71722e706e67, '202411172349350', 49, '2024-11-17 23:49:35', '2024-11-17 23:49:35'),
(580, 'Lycaste luciani', 'Especie', NULL, 4, 31, 0x3230323431313137323335313036305f71722e706e67, '202411172351060', 49, '2024-11-17 23:51:06', '2024-11-17 23:51:06'),
(581, 'Lycaste luciani', 'Especie', NULL, 4, 31, 0x3230323431313137323335313036315f71722e706e67, '202411172351061', 49, '2024-11-17 23:51:06', '2024-11-17 23:51:06'),
(582, 'Rhynchostylis gigantea ', 'Especie', NULL, 7, 67, 0x3230323431313137323335343134305f71722e706e67, '202411172354140', 49, '2024-11-17 23:54:14', '2024-11-17 23:54:14'),
(583, 'Lycaste virginalis fa superba', 'Especie', NULL, 4, 21, 0x3230323431313137323335363130305f71722e706e67, '202411172356100', 49, '2024-11-17 23:56:10', '2024-11-20 01:09:21'),
(584, 'Lycaste Jason', 'Híbrida', NULL, 4, 31, 0x3230323431313137323335363438305f71722e706e67, '202411172356480', 49, '2024-11-17 23:56:48', '2024-11-17 23:56:48'),
(585, 'Lycaste Gladys Eljuri', 'Híbrida', NULL, 4, 32, 0x3230323431313137323335393332305f71722e706e67, '202411172359320', 49, '2024-11-17 23:59:32', '2024-11-17 23:59:32'),
(586, 'Protinara 24 Karat x covarianthe aurantiaca', 'Híbrida', NULL, 2, 15, 0x3230323431313138303030303239305f71722e706e67, '202411180000290', 49, '2024-11-18 00:00:29', '2024-11-18 00:00:29'),
(587, 'Stelis Nagraciae', 'Especie', NULL, 9, 88, 0x3230323431313138303030313538305f71722e706e67, '202411180001580', 49, '2024-11-18 00:01:58', '2024-11-18 00:01:58'),
(588, 'Cattleye', 'Híbrida', NULL, 3, 17, 0x3230323431313138303030333236305f71722e706e67, '202411180003260', 49, '2024-11-18 00:03:26', '2024-11-18 00:03:26'),
(589, 'Rhyncantlleante aurantiacus palmieri', 'Híbrida', NULL, 2, 15, 0x3230323431313138303030353433305f71722e706e67, '202411180005430', 49, '2024-11-18 00:05:43', '2024-11-18 00:05:43'),
(590, 'Maxillaria porrecta', 'Especie', NULL, 4, 37, 0x3230323431313138303030363434305f71722e706e67, '202411180006440', 49, '2024-11-18 00:06:44', '2024-11-18 00:06:44'),
(591, 'Brassostele Summit', 'Híbrida', NULL, 5, 55, 0x3230323431313138303030373335305f71722e706e67, '202411180007350', 49, '2024-11-18 00:07:35', '2024-11-18 00:07:35'),
(592, 'Blc. Waneri X Porcia X Victoria Coerulea ', 'Híbrida', NULL, 2, 15, 0x3230323431313138303030383038305f71722e706e67, '202411180008080', 49, '2024-11-18 00:08:08', '2024-11-18 00:08:08'),
(593, 'Lycaste guatemalensis', 'Especie', NULL, 4, 22, 0x3230323431313138303030383138305f71722e706e67, '202411180008180', 49, '2024-11-18 00:08:18', '2024-11-18 00:08:18'),
(594, 'Lycaste guatemalensis', 'Especie', NULL, 4, 22, 0x3230323431313138303030383138315f71722e706e67, '202411180008181', 49, '2024-11-18 00:08:18', '2024-11-18 00:08:18'),
(595, 'Lycaste guatemalensis', 'Especie', NULL, 4, 22, 0x3230323431313138303030383138325f71722e706e67, '202411180008182', 49, '2024-11-18 00:08:18', '2024-11-18 00:08:18'),
(596, 'Lycaste guatemalensis', 'Especie', NULL, 4, 22, 0x3230323431313138303030383138335f71722e706e67, '202411180008183', 49, '2024-11-18 00:08:18', '2024-11-18 00:08:18'),
(597, 'Lycaste guatemalensis', 'Especie', NULL, 4, 22, 0x3230323431313138303030383138345f71722e706e67, '202411180008184', 49, '2024-11-18 00:08:18', '2024-11-18 00:08:18'),
(598, 'Lycaste guatemalensis', 'Especie', NULL, 4, 22, 0x3230323431313138303030383138355f71722e706e67, '202411180008185', 49, '2024-11-18 00:08:18', '2024-11-18 00:08:18'),
(599, 'Lycaste guatemalensis', 'Especie', NULL, 4, 22, 0x3230323431313138303030383138365f71722e706e67, '202411180008186', 49, '2024-11-18 00:08:18', '2024-11-18 00:08:18'),
(600, 'Lycaste guatemalensis', 'Especie', NULL, 4, 22, 0x3230323431313138303030383138375f71722e706e67, '202411180008187', 49, '2024-11-18 00:08:18', '2024-11-18 00:08:18'),
(601, 'Lycaste guatemalensis', 'Especie', NULL, 4, 22, 0x3230323431313138303030383138385f71722e706e67, '202411180008188', 49, '2024-11-18 00:08:18', '2024-11-18 00:08:18'),
(602, 'Cattleya corinta hibrido', 'Híbrida', NULL, 3, 17, 0x3230323431313138303030383534305f71722e706e67, '202411180008540', 49, '2024-11-18 00:08:54', '2024-11-18 00:08:54'),
(603, 'Lycaste abou Frist Spring', 'Híbrida', NULL, 4, 32, 0x3230323431313138303030393031305f71722e706e67, '202411180009010', 49, '2024-11-18 00:09:01', '2024-11-18 00:09:01'),
(604, 'Pabstiella tripterantha', 'Especie', NULL, 9, 89, 0x3230323431313138303030393331305f71722e706e67, '202411180009310', 49, '2024-11-18 00:09:31', '2024-11-18 00:09:31'),
(605, 'Lycaste lasioglossa', 'Especie', NULL, 4, 27, 0x3230323431313138303030393338305f71722e706e67, '202411180009380', 49, '2024-11-18 00:09:38', '2024-11-18 00:09:38'),
(606, 'Lycaste lasioglossa', 'Especie', NULL, 4, 27, 0x3230323431313138303030393338315f71722e706e67, '202411180009381', 49, '2024-11-18 00:09:38', '2024-11-18 00:09:38'),
(607, 'Lycaste lasioglossa', 'Especie', NULL, 4, 27, 0x3230323431313138303030393338325f71722e706e67, '202411180009382', 49, '2024-11-18 00:09:38', '2024-11-18 00:09:38'),
(608, 'Lycida Bellinger Sunset', 'Híbrida', NULL, 4, 32, 0x3230323431313138303031303534305f71722e706e67, '202411180010540', 49, '2024-11-18 00:10:54', '2024-11-18 00:10:54'),
(609, 'Lycida Bellinger Sunset', 'Híbrida', NULL, 4, 32, 0x3230323431313138303031303534315f71722e706e67, '202411180010541', 49, '2024-11-18 00:10:54', '2024-11-18 00:10:54'),
(610, 'Lycaste Gladis Eljuri', 'Híbrida', NULL, 4, 32, 0x3230323431313138303031323134305f71722e706e67, '202411180012140', 49, '2024-11-18 00:12:14', '2024-11-18 00:12:14'),
(611, 'Lycaste Deppei X Cruenta X Kiama', 'Híbrida', NULL, 4, 32, 0x3230323431313138303031323236305f71722e706e67, '202411180012260', 49, '2024-11-18 00:12:26', '2024-11-18 00:12:26'),
(612, 'Lycaste Natalie Cely', 'Híbrida', NULL, 4, 32, 0x3230323431313138303031323437305f71722e706e67, '202411180012470', 49, '2024-11-18 00:12:47', '2024-11-18 00:12:47'),
(613, 'Paphiopedilum tipo complex', 'Híbrida', NULL, 6, 62, 0x3230323431313138303031333332305f71722e706e67, '202411180013320', 49, '2024-11-18 00:13:32', '2024-11-18 00:13:32'),
(614, 'Paphiopedilum Hawaiian sky', 'Híbrida', NULL, 6, 60, 0x3230323431313138303031343235305f71722e706e67, '202411180014250', 49, '2024-11-18 00:14:25', '2024-11-18 00:14:25'),
(615, 'Lycaste virginalis virginalis ', 'Especie', NULL, 4, 20, 0x3230323431313138303031353137305f71722e706e67, '202411180015170', 49, '2024-11-18 00:15:17', '2024-11-18 00:15:17'),
(616, 'Lycaste shoalhaven x schoalhaven alba roud x schoalhaven schoalhaven Albom', 'Híbrida', NULL, 4, 32, 0x3230323431313138303031353336305f71722e706e67, '202411180015360', 49, '2024-11-18 00:15:36', '2024-11-18 00:15:36'),
(617, 'Lycaste Rakahoku auburn dichilling am/rils x Lyc x Shoalhaven Kobe Gigi 007', 'Híbrida', NULL, 4, 32, 0x3230323431313138303031383230305f71722e706e67, '202411180018200', 49, '2024-11-18 00:18:20', '2024-11-18 00:18:20'),
(618, 'Dendronium Bruce Gordon Alexandra', 'Híbrida', NULL, 8, 78, 0x3230323431313138303032303030305f71722e706e67, '202411180020000', 49, '2024-11-18 00:20:00', '2024-11-18 00:20:00'),
(619, 'Onicidium javier', 'Especie', NULL, 5, 46, 0x3230323431313138303032303434305f71722e706e67, '202411180020440', 49, '2024-11-18 00:20:44', '2024-11-18 00:20:44'),
(620, 'Barkeria Skineri', 'Especie', NULL, 1, 5, 0x3230323431313138303032313139305f71722e706e67, '202411180021190', 49, '2024-11-18 00:21:19', '2024-11-18 00:21:19'),
(621, 'Barkeria Skineri', 'Especie', NULL, 1, 5, 0x3230323431313138303032313139315f71722e706e67, '202411180021191', 49, '2024-11-18 00:21:19', '2024-11-18 00:21:19'),
(622, 'Lycaste lasioglossa', 'Especie', NULL, 4, 27, 0x3230323431313138303032313330305f71722e706e67, '202411180021300', 50, '2024-11-18 00:21:30', '2024-11-18 00:21:30'),
(623, 'Lycaste lasioglossa', 'Especie', NULL, 4, 27, 0x3230323431313138303032313330315f71722e706e67, '202411180021301', 50, '2024-11-18 00:21:30', '2024-11-18 00:21:30'),
(624, 'Lycaste lasioglossa', 'Especie', NULL, 4, 27, 0x3230323431313138303032313330325f71722e706e67, '202411180021302', 50, '2024-11-18 00:21:30', '2024-11-18 00:21:30'),
(625, 'Lycaste virginalis forma virginalis', 'Especie', NULL, 4, 20, 0x3230323431313138303032323138305f71722e706e67, '202411180022180', 50, '2024-11-18 00:22:18', '2024-11-18 00:22:18'),
(626, 'Lycaste virginalis forma virginalis', 'Especie', NULL, 4, 20, 0x3230323431313138303032323138315f71722e706e67, '202411180022181', 50, '2024-11-18 00:22:18', '2024-11-18 00:22:18'),
(627, 'Lycaste virginalis forma virginalis', 'Especie', NULL, 4, 20, 0x3230323431313138303032323138325f71722e706e67, '202411180022182', 50, '2024-11-18 00:22:18', '2024-11-18 00:22:18'),
(628, 'Lycaste virginalis forma virginalis', 'Especie', NULL, 4, 20, 0x3230323431313138303032323138335f71722e706e67, '202411180022183', 50, '2024-11-18 00:22:18', '2024-11-18 00:22:18'),
(629, 'Lycaste dowiana', 'Especie', NULL, 4, 26, 0x3230323431313138303032333332305f71722e706e67, '202411180023320', 50, '2024-11-18 00:23:32', '2024-11-18 00:23:32'),
(630, 'Lycaste dowiana', 'Especie', NULL, 4, 26, 0x3230323431313138303032333332315f71722e706e67, '202411180023321', 50, '2024-11-18 00:23:32', '2024-11-18 00:23:32'),
(631, 'Lycaste x Michelli', 'Híbrida', NULL, 4, 31, 0x3230323431313138303032343234305f71722e706e67, '202411180024240', 50, '2024-11-18 00:24:24', '2024-11-18 00:24:24'),
(632, 'Coelogyne speciosa', 'Especie', NULL, 8, 81, 0x3230323431313138303032353035305f71722e706e67, '202411180025050', 49, '2024-11-18 00:25:05', '2024-11-18 00:25:05'),
(633, 'Coelogyne speciosa', 'Especie', NULL, 8, 81, 0x3230323431313138303032353035315f71722e706e67, '202411180025051', 49, '2024-11-18 00:25:05', '2024-11-18 00:25:05'),
(634, 'Lycaste macrophilla alba', 'Especie', NULL, 4, 28, 0x3230323431313138303032353333305f71722e706e67, '202411180025330', 50, '2024-11-18 00:25:33', '2024-11-18 00:25:33'),
(635, 'Epidendrum porax', 'Especie', NULL, 10, 104, 0x3230323431313138303032353532305f71722e706e67, '202411180025520', 49, '2024-11-18 00:25:52', '2024-11-18 00:25:52'),
(636, 'Lycaste guatemalensis', 'Especie', NULL, 4, 22, 0x3230323431313138303032363036305f71722e706e67, '202411180026060', 50, '2024-11-18 00:26:06', '2024-11-18 00:26:06'),
(637, 'Maxillaria meleagris ', 'Especie', NULL, 4, 33, 0x3230323431313138313530323330305f71722e706e67, '202411181502300', 7, '2024-11-18 15:02:30', '2024-11-18 15:02:30'),
(638, 'Lycaste Lassioglossa', 'Especie', NULL, 4, 27, 0x3230323431313138323130353532305f71722e706e67, '202411182105520', 51, '2024-11-18 21:05:52', '2024-11-19 22:23:48'),
(639, 'Oncidium javieri', 'Especie', NULL, 5, 46, 0x3230323431313138323130363336305f71722e706e67, '202411182106360', 51, '2024-11-18 21:06:36', '2024-11-18 21:06:36'),
(640, 'Oncidium javieri', 'Especie', NULL, 5, 46, 0x3230323431313138323130373230305f71722e706e67, '202411182107200', 51, '2024-11-18 21:07:20', '2024-11-18 21:07:20'),
(641, 'Mormolyca acutifolia', 'Especie', NULL, 4, 37, 0x3230323431313138323130383138305f71722e706e67, '202411182108180', 51, '2024-11-18 21:08:18', '2024-11-18 21:08:18'),
(642, 'Phalaenopsis multiflora', 'Híbrida', NULL, 7, 71, 0x3230323431313138323130393532305f71722e706e67, '202411182109520', 52, '2024-11-18 21:09:52', '2024-11-18 21:09:52'),
(643, 'Phalaenopsis multiflora', 'Especie', NULL, 7, 71, 0x3230323431313138323131303333305f71722e706e67, '202411182110330', 52, '2024-11-18 21:10:33', '2024-11-18 21:10:33'),
(644, 'Dendrobium hibrido', 'Híbrida', NULL, 8, 78, 0x3230323431313138323131313234305f71722e706e67, '202411182111240', 52, '2024-11-18 21:11:24', '2024-11-18 21:11:24'),
(645, 'Xilobium foveatum', 'Especie', NULL, 4, 39, 0x3230323431313138323131333331305f71722e706e67, '202411182113310', 50, '2024-11-18 21:13:31', '2024-11-18 21:13:31'),
(646, 'stenotyla lendyana', 'Especie', NULL, 4, 41, 0x3230323431313138323131343136305f71722e706e67, '202411182114160', 50, '2024-11-18 21:14:16', '2024-11-18 21:14:16'),
(647, 'Maxillaria brunnea', 'Especie', NULL, 4, 37, 0x3230323431313138323131353030305f71722e706e67, '202411182115000', 50, '2024-11-18 21:15:00', '2024-11-18 21:15:00'),
(648, 'Oncidium Lois Posey', 'Híbrida', NULL, 5, 56, 0x3230323431313138323131363032305f71722e706e67, '202411182116020', 50, '2024-11-18 21:16:02', '2024-11-18 21:16:02'),
(649, 'Maxillaria Fabricio Suares', 'Híbrida', NULL, 4, 38, 0x3230323431313138323131363439305f71722e706e67, '202411182116490', 50, '2024-11-18 21:16:49', '2024-11-18 21:16:49'),
(650, 'Paphiopedilum Leeanum ', 'Híbrida', NULL, 6, 60, 0x3230323431313138323131373430305f71722e706e67, '202411182117400', 50, '2024-11-18 21:17:40', '2024-11-18 21:17:40'),
(651, 'Pleurothallis cardiothallis', 'Especie', NULL, 9, 84, 0x3230323431313138323131383137305f71722e706e67, '202411182118170', 50, '2024-11-18 21:18:17', '2024-11-18 21:18:17'),
(652, 'Pleurothallis cardiothallis', 'Especie', NULL, 9, 84, 0x3230323431313138323131383137315f71722e706e67, '202411182118171', 50, '2024-11-18 21:18:17', '2024-11-18 21:18:17'),
(653, 'Oncidium javieri', 'Especie', NULL, 5, 46, 0x3230323431313138323131383530305f71722e706e67, '202411182118500', 50, '2024-11-18 21:18:50', '2024-11-18 21:18:50'),
(654, 'Maxillaria variabilis', 'Especie', NULL, 4, 36, 0x3230323431313138323131393433305f71722e706e67, '202411182119430', 50, '2024-11-18 21:19:43', '2024-11-18 21:19:43'),
(655, 'Masdevallia floribunda', 'Especie', NULL, 9, 100, 0x3230323431313138323132303430305f71722e706e67, '202411182120400', 50, '2024-11-18 21:20:40', '2024-11-18 21:20:40'),
(656, 'Pleurothallis sanchoi', 'Especie', NULL, 9, 83, 0x3230323431313138323132313431305f71722e706e67, '202411182121410', 50, '2024-11-18 21:21:41', '2024-11-18 21:21:41'),
(657, 'Pleurothallis correllii', 'Especie', NULL, 9, 83, 0x3230323431313138323132323332305f71722e706e67, '202411182122320', 50, '2024-11-18 21:22:32', '2024-11-18 21:22:32'),
(658, 'Pleurothallis correllii', 'Especie', NULL, 9, 83, 0x3230323431313138323132323332315f71722e706e67, '202411182122321', 50, '2024-11-18 21:22:32', '2024-11-18 21:22:32'),
(659, 'Stelis segoviense', 'Especie', NULL, 9, 87, 0x3230323431313138323132333331305f71722e706e67, '202411182123310', 50, '2024-11-18 21:23:31', '2024-11-18 21:23:31'),
(660, 'Stelis segoviense', 'Especie', NULL, 9, 87, 0x3230323431313138323132333331315f71722e706e67, '202411182123311', 50, '2024-11-18 21:23:31', '2024-11-18 21:23:31'),
(661, 'Stelis bidentata', 'Especie', NULL, 9, 88, 0x3230323431313138323133373134305f71722e706e67, '202411182137140', 50, '2024-11-18 21:37:14', '2024-11-18 21:37:14'),
(662, 'lephantes slenophylla', 'Especie', NULL, 9, 93, 0x3230323431313138323133383537305f71722e706e67, '202411182138570', 50, '2024-11-18 21:38:57', '2024-11-18 21:38:57'),
(663, 'Pleurothallis stricta', 'Especie', NULL, 9, 83, 0x3230323431313138323133393532305f71722e706e67, '202411182139520', 50, '2024-11-18 21:39:52', '2024-11-18 21:39:52'),
(664, 'Trichosalpinx baisdelli', 'Especie', NULL, 9, 96, 0x3230323431313138323134303337305f71722e706e67, '202411182140370', 50, '2024-11-18 21:40:37', '2024-11-18 21:40:37'),
(665, 'Dryadilla guatemalensis', 'Especie', NULL, 9, 89, 0x3230323431313138323134313133305f71722e706e67, '202411182141130', 50, '2024-11-18 21:41:13', '2024-11-18 21:41:13'),
(666, 'Stelis pachyglossa', 'Especie', NULL, 9, 87, 0x3230323431313138323134323038305f71722e706e67, '202411182142080', 50, '2024-11-18 21:42:08', '2024-11-18 21:42:08'),
(667, 'Lycaste Lassioglossa', 'Especie', NULL, 4, 27, 0x3230323431313138323134373137305f71722e706e67, '202411182147170', 53, '2024-11-18 21:47:17', '2024-11-18 21:47:17'),
(668, 'Lycaste x Luciani', 'Híbrida', NULL, 4, 31, 0x3230323431313138323232333332305f71722e706e67, '202411182223320', 54, '2024-11-18 22:23:32', '2024-11-18 22:23:32'),
(669, 'Lycaste x Luciani', 'Híbrida', NULL, 4, 31, 0x3230323431313138323232333332315f71722e706e67, '202411182223321', 54, '2024-11-18 22:23:32', '2024-11-18 22:23:32'),
(670, 'Lycaste x Luciani', 'Híbrida', NULL, 4, 31, 0x3230323431313138323232333332325f71722e706e67, '202411182223322', 54, '2024-11-18 22:23:32', '2024-11-18 22:23:32'),
(671, 'Lycaste x Luciani', 'Híbrida', NULL, 4, 31, 0x3230323431313138323232333332335f71722e706e67, '202411182223323', 54, '2024-11-18 22:23:32', '2024-11-18 22:23:32'),
(672, 'Lycaste x Luciani', 'Híbrida', NULL, 4, 31, 0x3230323431313138323232333332345f71722e706e67, '202411182223324', 54, '2024-11-18 22:23:32', '2024-11-18 22:23:32'),
(673, 'Lycaste Lassioglossa', 'Especie', NULL, 4, 27, 0x3230323431313138323232343035305f71722e706e67, '202411182224050', 54, '2024-11-18 22:24:05', '2024-11-18 22:24:05'),
(674, 'Lycaste Lassioglossa', 'Especie', NULL, 4, 27, 0x3230323431313138323232343035315f71722e706e67, '202411182224051', 54, '2024-11-18 22:24:05', '2024-11-18 22:24:05'),
(675, 'lycaste michelli', 'Híbrida', NULL, 4, 31, 0x3230323431313138323232343532305f71722e706e67, '202411182224520', 54, '2024-11-18 22:24:52', '2024-11-18 22:24:52'),
(676, 'lycaste michelli', 'Híbrida', NULL, 4, 31, 0x3230323431313138323232343532315f71722e706e67, '202411182224521', 54, '2024-11-18 22:24:52', '2024-11-18 22:24:52'),
(677, 'Paphiopedilum insigne', 'Especie', NULL, 6, 59, 0x3230323431313138323232363037305f71722e706e67, '202411182226070', 54, '2024-11-18 22:26:07', '2024-11-18 22:26:07'),
(678, 'Paphiopedilum insigne', 'Especie', NULL, 6, 59, 0x3230323431313138323232363037315f71722e706e67, '202411182226071', 54, '2024-11-18 22:26:07', '2024-11-18 22:26:07'),
(679, 'Paphiopedilum insigne', 'Especie', NULL, 6, 59, 0x3230323431313138323232363037325f71722e706e67, '202411182226072', 54, '2024-11-18 22:26:07', '2024-11-18 22:26:07'),
(680, 'Paphiopedilum insigne', 'Especie', NULL, 6, 59, 0x3230323431313138323232363037335f71722e706e67, '202411182226073', 54, '2024-11-18 22:26:07', '2024-11-18 22:26:07'),
(681, 'Paphiopedilum x Leeanum ', 'Híbrida', NULL, 6, 60, 0x3230323431313138323232373039305f71722e706e67, '202411182227090', 54, '2024-11-18 22:27:09', '2024-11-18 22:27:09'),
(682, 'Paphiopedilum x Leeanum ', 'Híbrida', NULL, 6, 60, 0x3230323431313138323232373039315f71722e706e67, '202411182227091', 54, '2024-11-18 22:27:09', '2024-11-18 22:27:09'),
(683, 'Paphiopedilum x Leeanum ', 'Híbrida', NULL, 6, 60, 0x3230323431313138323232373039325f71722e706e67, '202411182227092', 54, '2024-11-18 22:27:09', '2024-11-18 22:27:09'),
(684, 'Paphiopedilum x Leeanum ', 'Híbrida', NULL, 6, 60, 0x3230323431313138323232373039335f71722e706e67, '202411182227093', 54, '2024-11-18 22:27:09', '2024-11-18 22:27:09'),
(685, 'Paphiopedilum Rosy Down', 'Híbrida', NULL, 6, 60, 0x3230323431313138323232373538305f71722e706e67, '202411182227580', 54, '2024-11-18 22:27:58', '2024-11-18 22:27:58'),
(686, 'Paphiopedilum Rosy Down', 'Híbrida', NULL, 6, 60, 0x3230323431313138323232373538315f71722e706e67, '202411182227581', 54, '2024-11-18 22:27:58', '2024-11-18 22:27:58'),
(687, 'Paphiopedilum Hawaiian Aloha', 'Híbrida', NULL, 6, 60, 0x3230323431313138323232383533305f71722e706e67, '202411182228530', 54, '2024-11-18 22:28:53', '2024-11-18 22:28:53'),
(688, 'Paphiopedilum Hawaiian Desire', 'Híbrida', NULL, 6, 60, 0x3230323431313138323232393535305f71722e706e67, '202411182229550', 54, '2024-11-18 22:29:56', '2024-11-18 22:29:56'),
(689, 'Paphiopedilum hibrido', 'Híbrida', NULL, 6, 61, 0x3230323431313138323233303435305f71722e706e67, '202411182230450', 54, '2024-11-18 22:30:45', '2024-11-18 22:30:45'),
(690, 'Paphiopedilum hibrido()', 'Hibrida', NULL, 6, 61, 0x3230323431313138323233323036305f71722e706e67, '202411182232060', 54, '2024-11-18 22:32:06', '2024-11-20 23:25:33'),
(691, 'Paphiopedilum hibrido', 'Híbrida', NULL, 6, 61, 0x3230323431313138323233323531305f71722e706e67, '202411182232510', 54, '2024-11-18 22:32:51', '2024-11-18 22:32:51'),
(692, 'Phragmipedium hibrido rojo', 'Híbrida', NULL, 6, 58, 0x3230323431313138323233353137305f71722e706e67, '202411182235170', 54, '2024-11-18 22:35:17', '2024-11-18 22:35:17'),
(693, 'Phragmipedium hibrido rojo', 'Hibrida', NULL, 6, 58, 0x3230323431313138323233353137315f71722e706e67, '202411182235171', 54, '2024-11-18 22:35:17', '2024-11-20 16:44:40'),
(694, 'Phragmipedium hibrido rojo', 'Híbrida', NULL, 6, 58, 0x3230323431313138323233353137325f71722e706e67, '202411182235172', 54, '2024-11-18 22:35:17', '2024-11-18 22:35:17'),
(695, 'Phragmipedium Hanne Popow', 'Híbrida', NULL, 6, 58, 0x3230323431313138323233363031305f71722e706e67, '202411182236010', 54, '2024-11-18 22:36:01', '2024-11-18 22:36:01'),
(696, 'Phragmipedium Pehit Anguette', 'Híbrida', NULL, 6, 58, 0x3230323431313138323233363437305f71722e706e67, '202411182236470', 54, '2024-11-18 22:36:47', '2024-11-18 22:36:47'),
(697, 'Phragmipedium x Rechteri', 'Híbrida', NULL, 6, 58, 0x3230323431313138323233373236305f71722e706e67, '202411182237260', 54, '2024-11-18 22:37:26', '2024-11-18 22:37:26'),
(698, 'Phragmipedium Bessae', 'Híbrida', NULL, 6, 57, 0x3230323431313138323233383136305f71722e706e67, '202411182238160', 54, '2024-11-18 22:38:16', '2024-11-18 22:38:16'),
(699, 'Phalaenopsis Lueddemanniana', 'Especie', NULL, 7, 68, 0x3230323431313138323233393232305f71722e706e67, '202411182239220', 54, '2024-11-18 22:39:22', '2024-11-18 22:39:22'),
(700, 'Phalaenopsis Lueddemanniana', 'Especie', NULL, 7, 68, 0x3230323431313138323233393232315f71722e706e67, '202411182239221', 54, '2024-11-18 22:39:22', '2024-11-18 22:39:22'),
(701, 'Phalaenopsis Violacea', 'Especie', NULL, 7, 68, 0x3230323431313138323234313135305f71722e706e67, '202411182241150', 54, '2024-11-18 22:41:15', '2024-11-18 22:41:15'),
(702, 'Phalaenopsis hibrido color', 'Híbrida', NULL, 7, 70, 0x3230323431313138323234323432305f71722e706e67, '202411182242420', 54, '2024-11-18 22:42:42', '2024-11-18 22:42:42'),
(703, 'Phalaenopsis hibrido color', 'Híbrida', NULL, 7, 70, 0x3230323431313138323234323432315f71722e706e67, '202411182242421', 54, '2024-11-18 22:42:42', '2024-11-18 22:42:42'),
(704, 'Phalaenopsis hibrido color', 'Híbrida', NULL, 7, 70, 0x3230323431313138323234323432325f71722e706e67, '202411182242422', 54, '2024-11-18 22:42:42', '2024-11-18 22:42:42'),
(705, 'Phalaenopsis hibrido color', 'Híbrida', NULL, 7, 70, 0x3230323431313138323234323432335f71722e706e67, '202411182242423', 54, '2024-11-18 22:42:42', '2024-11-18 22:42:42'),
(706, 'Phalaenopsis hibrido color', 'Híbrida', NULL, 7, 70, 0x3230323431313138323234323432345f71722e706e67, '202411182242424', 54, '2024-11-18 22:42:42', '2024-11-18 22:42:42'),
(707, 'Phalaenopsis blanca', 'Híbrida', NULL, 7, 69, 0x3230323431313138323234333137305f71722e706e67, '202411182243170', 54, '2024-11-18 22:43:17', '2024-11-18 22:43:17'),
(708, 'Phalaenopsis blanca', 'Híbrida', NULL, 7, 69, 0x3230323431313138323234343032305f71722e706e67, '202411182244020', 54, '2024-11-18 22:44:02', '2024-11-18 22:44:02'),
(709, 'Phalaenopsis blanca', 'Híbrida', NULL, 7, 69, 0x3230323431313138323234343032315f71722e706e67, '202411182244021', 54, '2024-11-18 22:44:02', '2024-11-18 22:44:02'),
(710, 'Phalaenopsis blanca', 'Híbrida', NULL, 7, 69, 0x3230323431313138323234343032325f71722e706e67, '202411182244022', 54, '2024-11-18 22:44:02', '2024-11-18 22:44:02'),
(711, 'Maxillaria tenuifolia', 'Especie', NULL, 4, 36, 0x3230323431313138323234343535305f71722e706e67, '202411182244550', 54, '2024-11-18 22:44:55', '2024-11-18 22:44:55'),
(712, 'Renanthera', 'Especie', NULL, 7, 67, 0x3230323431313138323234353435305f71722e706e67, '202411182245450', 54, '2024-11-18 22:45:45', '2024-11-18 22:45:45'),
(713, 'Prosthechea cochleata', 'Especie', NULL, 1, 7, 0x3230323431313138323234363338305f71722e706e67, '202411182246380', 54, '2024-11-18 22:46:38', '2024-11-18 22:46:38'),
(714, 'Phalaenopsis', 'Híbrida', NULL, 7, 71, 0x3230323431313138323234373231305f71722e706e67, '202411182247210', 54, '2024-11-18 22:47:21', '2024-11-18 22:47:21'),
(715, 'Phalaenopsis', 'Híbrida', NULL, 7, 71, 0x3230323431313138323234373231315f71722e706e67, '202411182247211', 54, '2024-11-18 22:47:21', '2024-11-18 22:47:21'),
(716, 'Phalaenopsis', 'Híbrida', NULL, 7, 71, 0x3230323431313138323234373231325f71722e706e67, '202411182247212', 54, '2024-11-18 22:47:21', '2024-11-18 22:47:21'),
(717, 'Encyclea chloroleuca', 'Especie', NULL, 1, 6, 0x3230323431313138323235363537305f71722e706e67, '202411182256570', 54, '2024-11-18 22:56:57', '2024-11-18 22:56:57'),
(718, 'Encyclea chloroleuca', 'Especie', NULL, 1, 6, 0x3230323431313138323235363537315f71722e706e67, '202411182256571', 54, '2024-11-18 22:56:57', '2024-11-18 22:56:57'),
(719, 'Encyclea chloroleuca', 'Especie', NULL, 1, 6, 0x3230323431313138323235363537325f71722e706e67, '202411182256572', 54, '2024-11-18 22:56:57', '2024-11-18 22:56:57'),
(720, 'Encyclea chloroleuca', 'Especie', NULL, 1, 6, 0x3230323431313138323235363537335f71722e706e67, '202411182256573', 54, '2024-11-18 22:56:57', '2024-11-18 22:56:57'),
(721, 'Encyclea chloroleuca', 'Especie', NULL, 1, 6, 0x3230323431313138323235363537345f71722e706e67, '202411182256574', 54, '2024-11-18 22:56:57', '2024-11-18 22:56:57'),
(722, 'Maxillaria aciantha', 'Especie', NULL, 4, 35, 0x3230323431313138323235373438305f71722e706e67, '202411182257480', 54, '2024-11-18 22:57:48', '2024-11-18 22:57:48'),
(723, 'Laelia rubescens', 'Especie', NULL, 1, 9, 0x3230323431313138323235383337305f71722e706e67, '202411182258370', 54, '2024-11-18 22:58:37', '2024-11-18 22:58:37'),
(724, 'Laelia rubescens', 'Especie', NULL, 1, 9, 0x3230323431313138323235383337315f71722e706e67, '202411182258371', 54, '2024-11-18 22:58:37', '2024-11-18 22:58:37'),
(725, 'Laelia Ancenps Dowsoni', 'Especie', NULL, 1, 9, 0x3230323431313138323235393237305f71722e706e67, '202411182259270', 54, '2024-11-18 22:59:27', '2024-11-18 22:59:27'),
(726, 'Laelia Ancenps Dowsoni', 'Especie', NULL, 1, 9, 0x3230323431313138323235393237315f71722e706e67, '202411182259271', 54, '2024-11-18 22:59:27', '2024-11-18 22:59:27'),
(727, 'Laelia Ancenps Dowsoni', 'Especie', NULL, 1, 9, 0x3230323431313138323235393237325f71722e706e67, '202411182259272', 54, '2024-11-18 22:59:27', '2024-11-18 22:59:27'),
(728, 'Maxillaria Fulgens', 'Especie', NULL, 4, 37, 0x3230323431313138323330303534305f71722e706e67, '202411182300540', 54, '2024-11-18 23:00:54', '2024-11-18 23:00:54'),
(729, 'Phaius Tankervilleae', 'Especie', NULL, 8, 82, 0x3230323431313138323330313437305f71722e706e67, '202411182301470', 54, '2024-11-18 23:01:47', '2024-11-18 23:01:47'),
(730, 'Trigonidium Egertonianum', 'Especie', NULL, 4, 39, 0x3230323431313138323330333336305f71722e706e67, '202411182303360', 54, '2024-11-18 23:03:36', '2024-11-18 23:03:36'),
(731, 'pescatorea Euglosa', 'Especie', NULL, 4, 41, 0x3230323431313138323330343331305f71722e706e67, '202411182304310', 54, '2024-11-18 23:04:31', '2024-11-18 23:04:31'),
(732, 'pescatorea Euglosa', 'Especie', NULL, 4, 41, 0x3230323431313138323330343331315f71722e706e67, '202411182304311', 54, '2024-11-18 23:04:31', '2024-11-18 23:04:31'),
(733, 'Cattleya maxima', 'Especie', NULL, 3, 16, 0x3230323431313138323330363138305f71722e706e67, '202411182306180', 54, '2024-11-18 23:06:18', '2024-11-18 23:06:18'),
(734, 'Stelis inmersa', 'Especie', NULL, 9, 87, 0x3230323431313138323331323135305f71722e706e67, '202411182312150', 54, '2024-11-18 23:12:15', '2024-11-18 23:12:15'),
(735, 'Masdevallia Floribunda', 'Especie', NULL, 9, 100, 0x3230323431313138323331333139305f71722e706e67, '202411182313190', 54, '2024-11-18 23:13:19', '2024-11-18 23:13:19'),
(736, 'Masdevallia Floribunda', 'Especie', NULL, 9, 100, 0x3230323431313138323331333139315f71722e706e67, '202411182313191', 54, '2024-11-18 23:13:19', '2024-11-18 23:13:19'),
(737, 'Masdevallia Floribunda', 'Especie', NULL, 9, 100, 0x3230323431313138323331333139325f71722e706e67, '202411182313192', 54, '2024-11-18 23:13:19', '2024-11-18 23:13:19'),
(738, 'Masdevallia Floribunda', 'Especie', NULL, 9, 100, 0x3230323431313138323331333139335f71722e706e67, '202411182313193', 54, '2024-11-18 23:13:19', '2024-11-18 23:13:19'),
(739, 'Masdevallia Floribunda', 'Especie', NULL, 9, 100, 0x3230323431313138323331333139345f71722e706e67, '202411182313194', 54, '2024-11-18 23:13:19', '2024-11-18 23:13:19'),
(740, 'Masdevallia Floribunda', 'Especie', NULL, 9, 100, 0x3230323431313138323331333139355f71722e706e67, '202411182313195', 54, '2024-11-18 23:13:19', '2024-11-18 23:13:19'),
(741, 'Maxilaria brunnea', 'Especie', NULL, 4, 37, 0x3230323431313138323331373231305f71722e706e67, '202411182317210', 19, '2024-11-18 23:17:21', '2024-11-18 23:17:21'),
(742, 'Maxilaria brunnea', 'Especie', NULL, 4, 37, 0x3230323431313138323331373231315f71722e706e67, '202411182317211', 19, '2024-11-18 23:17:21', '2024-11-18 23:17:21'),
(743, 'Oncidium Ensatum', 'Especie', NULL, 5, 46, 0x3230323431313138323331373432305f71722e706e67, '202411182317420', 54, '2024-11-18 23:17:42', '2024-11-18 23:17:42'),
(744, 'Mormolyca hedwigiae', 'Especie', NULL, 4, 37, 0x3230323431313138323331383235305f71722e706e67, '202411182318250', 54, '2024-11-18 23:18:25', '2024-11-18 23:18:25'),
(745, 'Masdevallia tuerckheimii', 'Especie', NULL, 9, 100, 0x3230323431313138323331383238305f71722e706e67, '202411182318280', 54, '2024-11-18 23:18:31', '2024-11-18 23:18:31'),
(746, 'xylobium foveatum', 'Especie', NULL, 4, 39, 0x3230323431313138323331383335305f71722e706e67, '202411182318350', 19, '2024-11-18 23:18:35', '2024-11-18 23:18:35'),
(747, 'xylobium foveatum', 'Especie', NULL, 4, 39, 0x3230323431313138323331383335305f71722e706e67, '202411182318350', 19, '2024-11-18 23:18:35', '2024-11-18 23:18:35'),
(748, 'Dendrobium t/p Phaleanopsis', 'Híbrida', NULL, 8, 78, 0x3230323431313138323331393230305f71722e706e67, '202411182319200', 54, '2024-11-18 23:19:20', '2024-11-18 23:19:20'),
(749, 'maxillaria variabilis', 'Especie', NULL, 4, 36, 0x3230323431313138323331393336305f71722e706e67, '202411182319360', 19, '2024-11-18 23:19:36', '2024-11-18 23:19:36'),
(750, 'maxillaria variabilis', 'Especie', NULL, 4, 36, 0x3230323431313138323331393336305f71722e706e67, '202411182319360', 19, '2024-11-18 23:19:36', '2024-11-18 23:19:36'),
(751, 'Pleurothallis Jaqueline', 'Especie', NULL, 9, 83, 0x3230323431313138323331393530305f71722e706e67, '202411182319500', 54, '2024-11-18 23:19:50', '2024-11-18 23:19:50'),
(752, 'bubophyllum Lindleyanum', 'Especie', NULL, 8, 79, 0x3230323431313138323332303236305f71722e706e67, '202411182320260', 54, '2024-11-18 23:20:26', '2024-11-18 23:20:26'),
(753, 'Pleurothallis pansamalae', 'Especie', NULL, 9, 83, 0x3230323431313138323332313231305f71722e706e67, '202411182321210', 54, '2024-11-18 23:21:21', '2024-11-18 23:21:21'),
(754, 'Pleurothallis pansamalae', 'Especie', NULL, 9, 83, 0x3230323431313138323332313231315f71722e706e67, '202411182321211', 54, '2024-11-18 23:21:21', '2024-11-18 23:21:21'),
(755, 'Pleurothallis pansamalae', 'Especie', NULL, 9, 83, 0x3230323431313138323332313231325f71722e706e67, '202411182321212', 54, '2024-11-18 23:21:21', '2024-11-18 23:21:21'),
(756, 'Pleurothallis restrepioedes', 'Especie', NULL, 9, 84, 0x3230323431313138323332313238305f71722e706e67, '202411182321280', 54, '2024-11-18 23:21:28', '2024-11-18 23:21:28'),
(757, 'Zootrophion hypodiscos', 'Especie', NULL, 9, 89, 0x3230323431313138323332323039305f71722e706e67, '202411182322090', 54, '2024-11-18 23:22:09', '2024-11-18 23:22:09'),
(758, 'Zootrophion hypodiscos', 'Especie', NULL, 9, 89, 0x3230323431313138323332323434305f71722e706e67, '202411182322440', 54, '2024-11-18 23:22:44', '2024-11-18 23:22:44'),
(759, 'Zootrophion hypodiscos', 'Especie', NULL, 9, 89, 0x3230323431313138323332323434315f71722e706e67, '202411182322441', 54, '2024-11-18 23:22:44', '2024-11-18 23:22:44'),
(760, 'Prostachea cochleata', 'Especie', NULL, 1, 7, 0x3230323431313138323332333231305f71722e706e67, '202411182323210', 19, '2024-11-18 23:23:21', '2024-11-18 23:23:21'),
(761, 'Prostachea cochleata', 'Especie', NULL, 1, 7, 0x3230323431313138323332333231315f71722e706e67, '202411182323211', 19, '2024-11-18 23:23:21', '2024-11-18 23:23:21'),
(762, 'Encyclea asperula', 'Especie', NULL, 1, 6, 0x3230323431313138323332333336305f71722e706e67, '202411182323360', 54, '2024-11-18 23:23:36', '2024-11-18 23:23:36'),
(763, 'Encyclea asperula', 'Especie', NULL, 1, 6, 0x3230323431313138323332333336315f71722e706e67, '202411182323361', 54, '2024-11-18 23:23:36', '2024-11-18 23:23:36'),
(764, 'Encyclea asperula', 'Especie', NULL, 1, 6, 0x3230323431313138323332333336325f71722e706e67, '202411182323362', 54, '2024-11-18 23:23:36', '2024-11-18 23:23:36'),
(765, 'Encyclea asperula', 'Especie', NULL, 1, 6, 0x3230323431313138323332333336335f71722e706e67, '202411182323363', 54, '2024-11-18 23:23:36', '2024-11-18 23:23:36'),
(766, 'Encyclea asperula', 'Especie', NULL, 1, 6, 0x3230323431313138323332333336345f71722e706e67, '202411182323364', 54, '2024-11-18 23:23:36', '2024-11-18 23:23:36'),
(767, 'Vanda Chulee x Somsri', 'Híbrida', NULL, 7, 65, 0x3230323431313138323332353232305f71722e706e67, '202411182325220', 54, '2024-11-18 23:25:22', '2024-11-18 23:25:22'),
(768, 'Vanda Sonia Deccacch', 'Híbrida', NULL, 7, 65, 0x3230323431313138323332363038305f71722e706e67, '202411182326080', 54, '2024-11-18 23:26:08', '2024-11-18 23:26:08'),
(769, 'Maxilaria  alatior', 'Especie', NULL, 4, 36, 0x3230323431313138323332373334305f71722e706e67, '202411182327340', 55, '2024-11-18 23:27:34', '2024-11-18 23:27:34'),
(770, 'Oncidium Twinkle', 'Híbrida', NULL, 5, 56, 0x3230323431313138323332373436305f71722e706e67, '202411182327460', 54, '2024-11-18 23:27:46', '2024-11-18 23:27:46'),
(771, 'Lycaste Virginalis Forma Alba', 'Especie', NULL, 4, 19, 0x3230323431313138323332383035305f71722e706e67, '202411182328050', 55, '2024-11-18 23:28:05', '2024-11-18 23:28:05'),
(772, 'Restrepia Teaguei', 'Especie', NULL, 9, 99, 0x3230323431313138323332383233305f71722e706e67, '202411182328230', 54, '2024-11-18 23:28:23', '2024-11-18 23:28:23'),
(773, 'Acianthera pectinata', 'Especie', NULL, 9, 85, 0x3230323431313138323332383338305f71722e706e67, '202411182328380', 54, '2024-11-18 23:28:38', '2024-11-18 23:28:38'),
(774, 'Acianthera pectinata', 'Especie', NULL, 9, 85, 0x3230323431313138323332383338315f71722e706e67, '202411182328381', 54, '2024-11-18 23:28:38', '2024-11-18 23:28:38'),
(775, 'Pleurothallis sanchoy', 'Especie', NULL, 9, 83, 0x3230323431313138323332393233305f71722e706e67, '202411182329230', 54, '2024-11-18 23:29:23', '2024-11-18 23:29:23'),
(776, 'Condylago rodrigoi', 'Especie', NULL, 9, 89, 0x3230323431313138323332393335305f71722e706e67, '202411182329350', 54, '2024-11-18 23:29:35', '2024-11-18 23:29:35'),
(777, 'lockhartia lunifera', 'Especie', NULL, 5, 54, 0x3230323431313138323332393433305f71722e706e67, '202411182329430', 55, '2024-11-18 23:29:43', '2024-11-18 23:29:43'),
(778, 'Stelis emarginata', 'Especie', NULL, 9, 87, 0x3230323431313138323333303137305f71722e706e67, '202411182330170', 54, '2024-11-18 23:30:17', '2024-11-18 23:30:17'),
(779, 'Coelia bella', 'Especie', NULL, 1, 11, 0x3230323431313138323333303239305f71722e706e67, '202411182330290', 55, '2024-11-18 23:30:29', '2024-11-18 23:30:29'),
(780, 'Acianthera strupifolia', 'Especie', NULL, 9, 85, 0x3230323431313138323333303436305f71722e706e67, '202411182330460', 54, '2024-11-18 23:30:46', '2024-11-18 23:30:46'),
(781, 'Pleurothallis matudana', 'Especie', NULL, 9, 84, 0x3230323431313138323333313035305f71722e706e67, '202411182331050', 54, '2024-11-18 23:31:05', '2024-11-18 23:31:05'),
(782, 'Pleurothallis matudana', 'Especie', NULL, 9, 84, 0x3230323431313138323333313035315f71722e706e67, '202411182331051', 54, '2024-11-18 23:31:05', '2024-11-18 23:31:05'),
(783, 'Onicidium tenuipes', 'Especie', NULL, 5, 46, 0x3230323431313138323333313537305f71722e706e67, '202411182331570', 55, '2024-11-18 23:31:57', '2024-11-18 23:31:57'),
(784, 'phaius tankervillae', 'Especie', NULL, 8, 82, 0x3230323431313138323333313537305f71722e706e67, '202411182331570', 55, '2024-11-18 23:31:57', '2024-11-20 01:18:47'),
(785, 'Stelis guatemalensis', 'Especie', NULL, 9, 88, 0x3230323431313138323333323039305f71722e706e67, '202411182332090', 54, '2024-11-18 23:32:09', '2024-11-18 23:32:09'),
(786, 'Angulocaste', 'Hibrida', NULL, 4, 40, 0x3230323431313138323333323130305f71722e706e67, '202411182332100', 54, '2024-11-18 23:32:10', '2024-11-20 16:51:30'),
(787, 'Cuitlauzina pulchella', 'Especie', NULL, 5, 50, 0x3230323431313138323333343032305f71722e706e67, '202411182334020', 55, '2024-11-18 23:34:02', '2024-11-20 01:43:05'),
(788, 'Cuitlauzina pulchella', 'Especie', NULL, 5, 70, 0x3230323431313138323333353235305f71722e706e67, '202411182335250', 55, '2024-11-18 23:35:25', '2024-11-20 01:49:59'),
(789, 'phalaenopsis ', 'Híbrida', NULL, 7, 70, 0x3230323431313138323333363034305f71722e706e67, '202411182336040', 55, '2024-11-18 23:36:04', '2024-11-18 23:36:04'),
(790, 'phalaenopsis ', 'Híbrida', NULL, 7, 70, 0x3230323431313138323333363034315f71722e706e67, '202411182336041', 55, '2024-11-18 23:36:04', '2024-11-18 23:36:04'),
(791, 'Acianthera angustisepala', 'Especie', NULL, 9, 85, 0x3230323431313138323333363331305f71722e706e67, '202411182336310', 54, '2024-11-18 23:36:31', '2024-11-18 23:36:31'),
(792, 'Arundiana Graminefolia', 'Especie', NULL, 8, 82, 0x3230323431313138323333363539305f71722e706e67, '202411182336590', 55, '2024-11-18 23:36:59', '2024-11-18 23:36:59'),
(793, 'Specklinia grobyi', 'Especie', NULL, 9, 97, 0x3230323431313138323333373531305f71722e706e67, '202411182337510', 54, '2024-11-18 23:37:51', '2024-11-18 23:37:51'),
(794, 'Lepanthes sp.', 'Especie', NULL, 9, 93, 0x3230323431313138323333393034305f71722e706e67, '202411182339040', 54, '2024-11-18 23:39:04', '2024-11-18 23:39:04'),
(795, 'Lepanthes acuminata', 'Especie', NULL, 9, 94, 0x3230323431313138323333393536305f71722e706e67, '202411182339560', 54, '2024-11-18 23:39:56', '2024-11-18 23:39:56'),
(796, 'Lepanthes yunckeri', 'Especie', NULL, 9, 93, 0x3230323431313138323334303538305f71722e706e67, '202411182340580', 54, '2024-11-18 23:40:58', '2024-11-18 23:40:58'),
(797, 'Trichosalpinx memor', 'Especie', NULL, 9, 96, 0x3230323431313138323334323239305f71722e706e67, '202411182342290', 54, '2024-11-18 23:42:29', '2024-11-18 23:42:29'),
(798, 'Maxillaria strumata', 'Especie', NULL, 4, 37, 0x3230323431313138323334353030305f71722e706e67, '202411182345000', 54, '2024-11-18 23:45:00', '2024-11-18 23:45:00'),
(799, 'Maxillaria strumata', 'Especie', NULL, 4, 37, 0x3230323431313138323334353030315f71722e706e67, '202411182345001', 54, '2024-11-18 23:45:00', '2024-11-18 23:45:00'),
(800, 'Maxilaria  meleagris', 'Especie', NULL, 4, 33, 0x3230323431313138323334353130305f71722e706e67, '202411182345100', 7, '2024-11-18 23:45:10', '2024-11-18 23:45:10'),
(801, 'Trichosalpinx violacea', 'Especie', NULL, 9, 96, 0x3230323431313138323334363031305f71722e706e67, '202411182346010', 54, '2024-11-18 23:46:01', '2024-11-18 23:46:01'),
(802, 'Arreglo tradicional ', 'Especie', NULL, 12, 109, 0x3230323431313138323334363531305f71722e706e67, '202411182346510', 42, '2024-11-18 23:46:51', '2024-11-18 23:46:51'),
(803, 'Appendiculata elegans', 'Especie', NULL, 10, 105, 0x3230323431313138323334373038305f71722e706e67, '202411182347080', 54, '2024-11-18 23:47:08', '2024-11-18 23:47:08'),
(804, 'Arreglo tradicional ', 'Especie', NULL, 12, 109, 0x3230323431313138323334373433305f71722e706e67, '202411182347430', 15, '2024-11-18 23:47:43', '2024-11-18 23:47:43'),
(806, 'Onicidium sphacelatum', 'Especie', NULL, 5, 46, 0x3230323431313138323335313038305f71722e706e67, '202411182351080', 49, '2024-11-18 23:51:08', '2024-11-18 23:51:08'),
(807, 'Restrepia xanthophalma', 'Especie', NULL, 9, 99, 0x3230323431313138323335313132305f71722e706e67, '202411182351120', 54, '2024-11-18 23:51:12', '2024-11-18 23:51:12'),
(808, 'stelis quadrifida ', 'Especie', NULL, 9, 87, 0x3230323431313138323335323031305f71722e706e67, '202411182352010', 49, '2024-11-18 23:52:01', '2024-11-18 23:52:01'),
(809, 'stelis quadrifida ', 'Especie', NULL, 9, 87, 0x3230323431313138323335323031315f71722e706e67, '202411182352011', 49, '2024-11-18 23:52:01', '2024-11-18 23:52:01'),
(810, 'stelis quadrifida ', 'Especie', NULL, 9, 87, 0x3230323431313138323335323031305f71722e706e67, '202411182352010', 49, '2024-11-18 23:52:01', '2024-11-18 23:52:01'),
(811, 'stelis quadrifida ', 'Especie', NULL, 9, 87, 0x3230323431313138323335323031315f71722e706e67, '202411182352011', 49, '2024-11-18 23:52:01', '2024-11-18 23:52:01'),
(812, 'Restrepia antennifera', 'Especie', NULL, 9, 99, 0x3230323431313138323335323037305f71722e706e67, '202411182352070', 54, '2024-11-18 23:52:07', '2024-11-18 23:52:07'),
(813, 'Restrepia antennifera', 'Especie', NULL, 9, 99, 0x3230323431313138323335323037315f71722e706e67, '202411182352071', 54, '2024-11-18 23:52:07', '2024-11-18 23:52:07'),
(814, 'Restrepia contorta', 'Especie', NULL, 9, 99, 0x3230323431313138323335323537305f71722e706e67, '202411182352570', 54, '2024-11-18 23:52:57', '2024-11-18 23:52:57'),
(815, 'Onicidium javier', 'Especie', NULL, 5, 46, 0x3230323431313139303030383037305f71722e706e67, '202411190008070', 49, '2024-11-19 00:08:07', '2024-11-19 00:08:07'),
(816, 'Epidendrum stanforadianum', 'Especie', NULL, 1, 2, 0x3230323431313139303030393036305f71722e706e67, '202411190009060', 49, '2024-11-19 00:09:06', '2024-11-20 19:50:16'),
(817, 'Maxillaria eleatior', 'Especie', NULL, 4, 36, 0x3230323431313139323233323133305f71722e706e67, '202411192232130', 56, '2024-11-19 22:32:13', '2024-11-19 22:32:13'),
(818, 'Lycaste virginalis forma virginalis', 'Especie', NULL, 4, 20, 0x3230323431313139323233333132305f71722e706e67, '202411192233120', 56, '2024-11-19 22:33:12', '2024-11-19 22:33:12'),
(819, 'Epidendrum porpax', 'Especie', NULL, 10, 104, 0x3230323431313230303033343337305f71722e706e67, '202411200034370', 49, '2024-11-20 00:34:37', '2024-11-20 19:42:28'),
(820, 'Paphiopedilum barbatum', 'Híbrida', NULL, 6, 61, 0x3230323431313230323332383430305f71722e706e67, '202411202328400', 54, '2024-11-20 23:28:40', '2024-11-20 23:28:40'),
(821, 'Prostachea Brassabolae', 'Especie', NULL, 1, 7, 0x3230323530363235313734323338305f71722e706e67, '202506251742380', 57, '2025-06-25 17:42:38', '2025-06-25 17:42:38'),
(822, 'Brassia Verrucosa', 'Especie', NULL, 5, 51, 0x3230323530363235313734333237305f71722e706e67, '202506251743270', 57, '2025-06-25 17:43:27', '2025-06-25 17:43:27'),
(823, 'Lycaste eonsobrina ', 'Especie', NULL, 4, 24, 0x3230323530363235313734343238305f71722e706e67, '202506251744280', 57, '2025-06-25 17:44:28', '2025-06-25 17:44:28'),
(824, 'Brassia brachiata ', 'Especie', NULL, 5, 51, 0x3230323530363235313734353336305f71722e706e67, '202506251745360', 57, '2025-06-25 17:45:36', '2025-06-25 17:45:36'),
(825, 'Mormodes nagellii', 'Especie', NULL, 4, 43, 0x3230323530363235313734363233305f71722e706e67, '202506251746230', 57, '2025-06-25 17:46:23', '2025-06-25 17:46:23'),
(826, 'Mormodes nagellii', 'Especie', NULL, 4, 43, 0x3230323530363235313734363233315f71722e706e67, '202506251746231', 57, '2025-06-25 17:46:23', '2025-06-25 17:46:23'),
(827, 'Prosthechea cochleata', 'Especie', NULL, 1, 7, 0x3230323530363235313735343132305f71722e706e67, '202506251754120', 58, '2025-06-25 17:54:12', '2025-06-25 17:56:21'),
(828, 'Selbyana aromática', 'Especie', NULL, 4, 24, 0x3230323530363235313735353035305f71722e706e67, '202506251755050', 58, '2025-06-25 17:55:05', '2025-06-25 17:55:05'),
(829, 'Leuchilus oncidioides ', 'Especie', NULL, 10, 105, 0x3230323530363235313735373331305f71722e706e67, '202506251757310', 58, '2025-06-25 17:57:31', '2025-06-25 17:57:31'),
(830, 'Phalaenopsis bastianii', 'Especie', NULL, 7, 71, 0x3230323530363235313735383231305f71722e706e67, '202506251758210', 58, '2025-06-25 17:58:21', '2025-06-25 17:58:21'),
(831, 'Spathoglottis plicata blume', 'Híbrida', NULL, 8, 82, 0x3230323530363235313735393330305f71722e706e67, '202506251759300', 58, '2025-06-25 17:59:30', '2025-06-25 17:59:30'),
(832, 'Lepanthes guatemalensis', 'Especie', NULL, 9, 92, 0x3230323530363235313830333533305f71722e706e67, '202506251803530', 60, '2025-06-25 18:03:53', '2025-06-25 18:30:28'),
(833, 'phalaenopsis ', 'Híbrida', NULL, 7, 70, 0x3230323530363235313830343035305f71722e706e67, '202506251804050', 59, '2025-06-25 18:04:05', '2025-06-25 18:04:05'),
(834, 'phalaenopsis ', 'Híbrida', NULL, 7, 70, 0x3230323530363235313830343035315f71722e706e67, '202506251804051', 59, '2025-06-25 18:04:05', '2025-06-25 18:04:05'),
(835, 'phalaenopsis ', 'Híbrida', NULL, 7, 70, 0x3230323530363235313830343035325f71722e706e67, '202506251804052', 59, '2025-06-25 18:04:05', '2025-06-25 18:04:05'),
(836, 'phalaenopsis ', 'Híbrida', NULL, 7, 70, 0x3230323530363235313830343035335f71722e706e67, '202506251804053', 59, '2025-06-25 18:04:05', '2025-06-25 18:04:05'),
(837, 'phalaenopsis ', 'Híbrida', NULL, 7, 70, 0x3230323530363235313830343035345f71722e706e67, '202506251804054', 59, '2025-06-25 18:04:05', '2025-06-25 18:04:05'),
(838, 'phalaenopsis ', 'Híbrida', NULL, 7, 70, 0x3230323530363235313830343035355f71722e706e67, '202506251804055', 59, '2025-06-25 18:04:05', '2025-06-25 18:04:05'),
(839, 'Stelis guatemalensis', 'Especie', NULL, 9, 88, 0x3230323530363235313830343338305f71722e706e67, '202506251804380', 60, '2025-06-25 18:04:38', '2025-06-25 18:31:01'),
(840, 'Ascocenda Carnival', 'Híbrida', NULL, 7, 63, 0x3230323530363235313830353036305f71722e706e67, '202506251805060', 59, '2025-06-25 18:05:06', '2025-06-25 18:05:06'),
(841, 'Ascocenda Carnival', 'Híbrida', NULL, 7, 63, 0x3230323530363235313830353036315f71722e706e67, '202506251805061', 59, '2025-06-25 18:05:06', '2025-06-25 18:05:06'),
(842, 'Sobralia xantholeuca', 'Especie', NULL, 1, 12, 0x3230323530363235313830353134305f71722e706e67, '202506251805140', 60, '2025-06-25 18:05:14', '2025-06-25 18:31:21'),
(843, 'Xylobium elongatum', 'Especie', NULL, 4, 39, 0x3230323530363235313830353538305f71722e706e67, '202506251805580', 60, '2025-06-25 18:05:58', '2025-06-25 18:32:24'),
(844, 'Prosthechea cochleata', 'Especie', NULL, 1, 7, 0x3230323530363235313830363236305f71722e706e67, '202506251806260', 60, '2025-06-25 18:06:26', '2025-06-25 18:32:43'),
(845, 'Gongora galeata', 'Especie', NULL, 4, 44, 0x3230323530363235313830373238305f71722e706e67, '202506251807280', 60, '2025-06-25 18:07:28', '2025-06-25 18:33:04'),
(846, 'Stenotyla lendyana', 'Especie', NULL, 4, 41, 0x3230323530363235313830383336305f71722e706e67, '202506251808360', 60, '2025-06-25 18:08:36', '2025-06-25 18:35:07'),
(847, 'Stenotyla lendyana', 'Especie', NULL, 4, 41, 0x3230323530363235313830383336315f71722e706e67, '202506251808361', 60, '2025-06-25 18:08:36', '2025-06-25 18:36:16'),
(848, 'Stenotyla lendyana', 'Especie', NULL, 4, 41, 0x3230323530363235313830383336325f71722e706e67, '202506251808362', 60, '2025-06-25 18:08:36', '2025-06-25 18:34:44'),
(849, 'Comparettia falcata', 'Especie', NULL, 10, 105, 0x3230323530363235313830393137305f71722e706e67, '202506251809170', 32, '2025-06-25 18:09:17', '2025-06-25 18:09:17'),
(850, 'Lepanthes sp.', 'Especie', NULL, 9, 92, 0x3230323530363235313830393534305f71722e706e67, '202506251809540', 32, '2025-06-25 18:09:54', '2025-06-25 18:09:54'),
(851, 'Specklinia grobyii', 'Especie', NULL, 9, 97, 0x3230323530363235313831313133305f71722e706e67, '202506251811130', 60, '2025-06-25 18:11:13', '2025-06-25 18:38:34'),
(852, 'Lepanthes acuminata', 'Especie', NULL, 9, 94, 0x3230323530363235313831313439305f71722e706e67, '202506251811490', 60, '2025-06-25 18:11:49', '2025-06-25 18:39:03'),
(853, 'Rossioglossum williamsianum', 'Especie', NULL, 5, 49, 0x3230323530363235313831323339305f71722e706e67, '202506251812390', 60, '2025-06-25 18:12:39', '2025-06-25 18:40:08'),
(854, 'Spathoglottis Plicata', 'Especie', NULL, 8, 82, 0x3230323530363235313831333131305f71722e706e67, '202506251813110', 60, '2025-06-25 18:13:11', '2025-06-25 18:40:37'),
(855, 'Prostechea Liyida', 'Especie', NULL, 1, 7, 0x3230323530363235313831383532305f71722e706e67, '202506251818520', 61, '2025-06-25 18:18:52', '2025-06-25 18:18:52'),
(856, 'Prostachea Radiata', 'Especie', NULL, 1, 7, 0x3230323530363235313831393331305f71722e706e67, '202506251819310', 61, '2025-06-25 18:19:31', '2025-06-25 18:19:31'),
(857, 'Stanhopea dodsmiama', 'Especie', NULL, 1, 7, 0x3230323530363235313832303331305f71722e706e67, '202506251820310', 61, '2025-06-25 18:20:31', '2025-06-25 18:20:31'),
(858, 'Stenotyla lendyana', 'Especie', NULL, 4, 41, 0x3230323530363235323035303230305f71722e706e67, '202506252050200', 50, '2025-06-25 20:50:20', '2025-06-25 20:50:20'),
(859, 'Stenotyla lendyana', 'Especie', NULL, 4, 41, 0x3230323530363235323035303230315f71722e706e67, '202506252050201', 50, '2025-06-25 20:50:20', '2025-06-25 20:50:20'),
(860, 'Lycaste Deppei', 'Especie', NULL, 4, 25, 0x3230323530363235323035323131305f71722e706e67, '202506252052110', 62, '2025-06-25 20:52:11', '2025-06-25 20:52:11'),
(861, 'Lycaste Deppei', 'Especie', NULL, 4, 25, 0x3230323530363235323035323131315f71722e706e67, '202506252052111', 62, '2025-06-25 20:52:11', '2025-06-25 20:52:11'),
(862, 'Restrepia mayana ', 'Especie', NULL, 9, 99, 0x3230323530363235323035333236305f71722e706e67, '202506252053260', 50, '2025-06-25 20:53:26', '2025-06-25 20:53:26'),
(863, 'Lycaste Doluiamo', 'Especie', NULL, 4, 26, 0x3230323530363235323035333335305f71722e706e67, '202506252053350', 62, '2025-06-25 20:53:35', '2025-06-25 20:53:35'),
(864, 'Lycaste Doluiamo', 'Especie', NULL, 4, 26, 0x3230323530363235323035333335315f71722e706e67, '202506252053351', 62, '2025-06-25 20:53:35', '2025-06-25 20:53:35'),
(865, 'Lycaste Consobina ', 'Especie', NULL, 4, 24, 0x3230323530363235323035343434305f71722e706e67, '202506252054440', 62, '2025-06-25 20:54:44', '2025-06-25 20:54:44'),
(866, 'Coelogyne speciosa', 'Especie', NULL, 8, 81, 0x3230323530363235323035353432305f71722e706e67, '202506252055420', 50, '2025-06-25 20:55:42', '2025-06-25 20:55:42'),
(867, 'Lycaste Suaveoles', 'Especie', NULL, 4, 24, 0x3230323530363235323035363030305f71722e706e67, '202506252056000', 62, '2025-06-25 20:56:00', '2025-06-25 20:56:00'),
(868, 'Bulbophyllum lobii', 'Especie', NULL, 8, 79, 0x3230323530363235323035363237305f71722e706e67, '202506252056270', 50, '2025-06-25 20:56:27', '2025-06-25 20:56:27');
INSERT INTO `tb_orquidea` (`id_orquidea`, `nombre_planta`, `origen`, `foto`, `id_grupo`, `id_clase`, `qr_code`, `codigo_orquidea`, `id_participante`, `fecha_creacion`, `fecha_actualizacion`) VALUES
(869, 'Lycaste Virginalis', 'Especie', NULL, 4, 20, 0x3230323530363235323035363238305f71722e706e67, '202506252056280', 62, '2025-06-25 20:56:28', '2025-06-25 20:56:28'),
(870, 'Prostechea cochleata ', 'Especie', NULL, 1, 7, 0x3230323530363235323035373133305f71722e706e67, '202506252057130', 50, '2025-06-25 20:57:13', '2025-06-25 20:57:13'),
(871, 'phragmipedium humboldtii', 'Especie', NULL, 6, 57, 0x3230323530363235323035373338305f71722e706e67, '202506252057380', 62, '2025-06-25 20:57:38', '2025-06-25 20:57:38'),
(872, 'Mormodes nageli', 'Especie', NULL, 4, 43, 0x3230323530363235323035373438305f71722e706e67, '202506252057480', 50, '2025-06-25 20:57:48', '2025-06-25 20:57:48'),
(873, 'lycaste brevispatha', 'Especie', NULL, 4, 28, 0x3230323530363235323035383230305f71722e706e67, '202506252058200', 62, '2025-06-25 20:58:20', '2025-06-25 20:58:20'),
(874, 'oncidium twinkey yellow', 'Híbrida', NULL, 5, 56, 0x3230323530363235323130303030305f71722e706e67, '202506252100000', 62, '2025-06-25 21:00:00', '2025-06-25 21:00:00'),
(875, 'Epidendrum melistagum', 'Especie', NULL, 1, 2, 0x3230323530363235323130313033305f71722e706e67, '202506252101030', 50, '2025-06-25 21:01:03', '2025-06-25 21:01:03'),
(876, 'paphiopedilum pinocchio var. album sib #3', 'Híbrida', NULL, 6, 61, 0x3230323530363235323130313036305f71722e706e67, '202506252101060', 62, '2025-06-25 21:01:06', '2025-06-25 21:01:06'),
(877, 'Stanhopea dodsoriana', 'Especie', NULL, 4, 44, 0x3230323530363235323130313533305f71722e706e67, '202506252101530', 50, '2025-06-25 21:01:53', '2025-06-25 21:01:53'),
(878, 'paphiopedilum yosemite moon', 'Híbrida', NULL, 6, 60, 0x3230323530363235323130323038305f71722e706e67, '202506252102080', 62, '2025-06-25 21:02:08', '2025-06-25 21:02:08'),
(879, 'gongora galeata', 'Especie', NULL, 4, 44, 0x3230323530363235323130323530305f71722e706e67, '202506252102500', 62, '2025-06-25 21:02:50', '2025-06-25 21:02:50'),
(880, 'Masdevallia wagneriana', 'Especie', NULL, 9, 101, 0x3230323530363235323130333334305f71722e706e67, '202506252103340', 50, '2025-06-25 21:03:34', '2025-06-25 21:03:34'),
(881, 'Prostechea Radiata', 'Especie', NULL, 1, 7, 0x3230323530363235323130343136305f71722e706e67, '202506252104160', 6, '2025-06-25 21:04:16', '2025-06-25 21:04:16'),
(882, 'Prostechea Radiata', 'Especie', NULL, 1, 7, 0x3230323530363235323130343136315f71722e706e67, '202506252104161', 6, '2025-06-25 21:04:16', '2025-06-25 21:04:16'),
(883, 'Prostechea Radiata', 'Especie', NULL, 1, 7, 0x3230323530363235323130343136325f71722e706e67, '202506252104162', 6, '2025-06-25 21:04:16', '2025-06-25 21:04:16'),
(884, 'Prostechea Radiata', 'Especie', NULL, 1, 7, 0x3230323530363235323130343136335f71722e706e67, '202506252104163', 6, '2025-06-25 21:04:16', '2025-06-25 21:04:16'),
(885, 'Prostechea Radiata', 'Especie', NULL, 1, 7, 0x3230323530363235323130343136345f71722e706e67, '202506252104164', 6, '2025-06-25 21:04:16', '2025-06-25 21:04:16'),
(886, 'Stelis Chihobensis', 'Especie', NULL, 9, 88, 0x3230323530363235323130343231305f71722e706e67, '202506252104210', 50, '2025-06-25 21:04:21', '2025-06-25 21:04:21'),
(887, 'Platystele stenosthachya', 'Especie', NULL, 9, 90, 0x3230323530363235323130353230305f71722e706e67, '202506252105200', 50, '2025-06-25 21:05:20', '2025-06-25 21:05:20'),
(888, 'Lycaste Consobrina', 'Especie', NULL, 4, 24, 0x3230323530363235323130353235305f71722e706e67, '202506252105250', 6, '2025-06-25 21:05:25', '2025-06-25 21:05:25'),
(889, 'Lycaste Consobrina', 'Especie', NULL, 4, 24, 0x3230323530363235323130353235315f71722e706e67, '202506252105251', 6, '2025-06-25 21:05:25', '2025-06-25 21:05:25'),
(890, 'Lycaste Consobrina', 'Especie', NULL, 4, 24, 0x3230323530363235323130353235325f71722e706e67, '202506252105252', 6, '2025-06-25 21:05:25', '2025-06-25 21:05:25'),
(891, 'Domingoa Purpurea', 'Especie', NULL, 10, 104, 0x3230323530363235323130363337305f71722e706e67, '202506252106370', 6, '2025-06-25 21:06:37', '2025-06-25 21:06:37'),
(892, 'Domingoa Purpurea', 'Especie', NULL, 10, 104, 0x3230323530363235323130363337315f71722e706e67, '202506252106371', 6, '2025-06-25 21:06:37', '2025-06-25 21:06:37'),
(893, 'Specklinea brighamii', 'Especie', NULL, 9, 97, 0x3230323530363235323130363536305f71722e706e67, '202506252106560', 50, '2025-06-25 21:06:56', '2025-06-25 21:06:56'),
(894, 'Encyclia Alata', 'Especie', NULL, 1, 6, 0x3230323530363235323130373438305f71722e706e67, '202506252107480', 6, '2025-06-25 21:07:48', '2025-06-25 21:07:48'),
(895, 'Encyclia Alata', 'Especie', NULL, 1, 6, 0x3230323530363235323130373438315f71722e706e67, '202506252107481', 6, '2025-06-25 21:07:49', '2025-06-25 21:07:49'),
(896, 'Specklinia spectabilis', 'Especie', NULL, 9, 97, 0x3230323530363235323130383136305f71722e706e67, '202506252108160', 50, '2025-06-25 21:08:16', '2025-06-25 21:08:16'),
(897, 'Specklinia spectabilis', 'Especie', NULL, 9, 97, 0x3230323530363235323130383136315f71722e706e67, '202506252108161', 50, '2025-06-25 21:08:16', '2025-06-25 21:08:16'),
(898, 'Specklinia spectabilis', 'Especie', NULL, 9, 97, 0x3230323530363235323130383136325f71722e706e67, '202506252108162', 50, '2025-06-25 21:08:16', '2025-06-25 21:08:16'),
(899, 'Lycaste Deppei', 'Especie', NULL, 4, 25, 0x3230323530363235323130383332305f71722e706e67, '202506252108320', 6, '2025-06-25 21:08:32', '2025-06-25 21:08:32'),
(900, 'Lycaste Deppei', 'Especie', NULL, 4, 25, 0x3230323530363235323130383332315f71722e706e67, '202506252108321', 6, '2025-06-25 21:08:32', '2025-06-25 21:08:32'),
(901, 'Domingoa purpurea', 'Especie', NULL, 10, 104, 0x3230323530363235323130393031305f71722e706e67, '202506252109010', 62, '2025-06-25 21:09:01', '2025-06-25 21:09:01'),
(902, 'Epidendrum Secundum', 'Especie', NULL, 1, 4, 0x3230323530363235323130393533305f71722e706e67, '202506252109530', 6, '2025-06-25 21:09:53', '2025-06-25 21:09:53'),
(903, 'Epidendrum Secundum', 'Especie', NULL, 1, 4, 0x3230323530363235323130393533315f71722e706e67, '202506252109531', 6, '2025-06-25 21:09:53', '2025-06-25 21:09:53'),
(904, 'Scaphosepalum microdactylum', 'Especie', NULL, 9, 89, 0x3230323530363235323130393533305f71722e706e67, '202506252109530', 50, '2025-06-25 21:09:53', '2025-06-25 21:09:53'),
(905, 'Lycaste hibrido', 'Híbrida', NULL, 4, 31, 0x3230323530363235323131303235305f71722e706e67, '202506252110250', 50, '2025-06-25 21:10:25', '2025-06-25 21:10:25'),
(906, 'Lycaste consobrina', 'Especie', NULL, 4, 24, 0x3230323530363235323131313136305f71722e706e67, '202506252111160', 50, '2025-06-25 21:11:16', '2025-06-25 21:11:16'),
(907, 'Lycaste consobrina', 'Especie', NULL, 4, 24, 0x3230323530363235323131313136315f71722e706e67, '202506252111161', 50, '2025-06-25 21:11:16', '2025-06-25 21:11:16'),
(908, 'Catleya Labiata', 'Especie', NULL, 3, 16, 0x3230323530363235323131313232305f71722e706e67, '202506252111220', 6, '2025-06-25 21:11:22', '2025-06-25 21:11:22'),
(909, 'Lycaste schilleriana v. pincelada', 'Especie', NULL, 4, 28, 0x3230323530363235323131323030305f71722e706e67, '202506252112000', 50, '2025-06-25 21:12:00', '2025-06-25 21:12:00'),
(910, 'Epidendrum Veroccriptum', 'Especie', NULL, 1, 2, 0x3230323530363235323131323134305f71722e706e67, '202506252112140', 6, '2025-06-25 21:12:14', '2025-06-25 21:12:14'),
(911, 'Lycaste dowiana', 'Especie', NULL, 4, 26, 0x3230323530363235323131333135305f71722e706e67, '202506252113150', 50, '2025-06-25 21:13:15', '2025-06-25 21:13:15'),
(912, 'Lycaste dowiana', 'Especie', NULL, 4, 26, 0x3230323530363235323131333135315f71722e706e67, '202506252113151', 50, '2025-06-25 21:13:15', '2025-06-25 21:13:15'),
(913, 'Lycaste dowiana', 'Especie', NULL, 4, 26, 0x3230323530363235323131333135325f71722e706e67, '202506252113152', 50, '2025-06-25 21:13:15', '2025-06-25 21:13:15'),
(914, 'Lycaste dowiana', 'Especie', NULL, 4, 26, 0x3230323530363235323131333135335f71722e706e67, '202506252113153', 50, '2025-06-25 21:13:15', '2025-06-25 21:13:15'),
(915, 'Lycaste dowiana', 'Especie', NULL, 4, 26, 0x3230323530363235323131333135345f71722e706e67, '202506252113154', 50, '2025-06-25 21:13:15', '2025-06-25 21:13:15'),
(916, 'Lycaste Virginalis', 'Especie', NULL, 4, 20, 0x3230323530363235323131333138305f71722e706e67, '202506252113180', 6, '2025-06-25 21:13:18', '2025-06-25 21:13:18'),
(917, 'Lycaste xantocheilla', 'Especie', NULL, 4, 28, 0x3230323530363235323131333535305f71722e706e67, '202506252113550', 50, '2025-06-25 21:13:55', '2025-06-25 21:13:55'),
(918, 'Lycaste guatemalensis x xantocheilla', 'Híbrida', NULL, 4, 31, 0x3230323530363235323131353238305f71722e706e67, '202506252115280', 50, '2025-06-25 21:15:28', '2025-06-25 21:15:28'),
(919, 'Lycaste virginalis ', 'Especie', NULL, 4, 20, 0x3230323530363235323131363538305f71722e706e67, '202506252116580', 50, '2025-06-25 21:16:58', '2025-06-25 21:16:58'),
(920, 'Dendrobium Anggrek', 'Híbrida', NULL, 8, 78, 0x3230323530363235323131373230305f71722e706e67, '202506252117200', 6, '2025-06-25 21:17:20', '2025-06-25 21:17:20'),
(921, 'Lycaste deppei', 'Especie', NULL, 4, 25, 0x3230323530363235323131373237305f71722e706e67, '202506252117270', 50, '2025-06-25 21:17:27', '2025-06-25 21:17:27'),
(922, 'Dinema Polybulbon', 'Especie', NULL, 10, 104, 0x3230323530363235323132323037305f71722e706e67, '202506252122070', 6, '2025-06-25 21:22:07', '2025-06-25 21:22:07'),
(923, 'Ornithocephalus inflexus', 'Especie', NULL, 10, 105, 0x3230323530363235323132323238305f71722e706e67, '202506252122280', 50, '2025-06-25 21:22:28', '2025-06-25 21:22:28'),
(924, 'lycaste deppei', 'Especie', NULL, 4, 25, 0x3230323530363235323132353232305f71722e706e67, '202506252125220', 63, '2025-06-25 21:25:22', '2025-06-25 21:25:22'),
(925, 'lycaste deppei', 'Especie', NULL, 4, 25, 0x3230323530363235323132353232315f71722e706e67, '202506252125221', 63, '2025-06-25 21:25:22', '2025-06-25 21:25:22'),
(926, 'Mormolyca moralesii', 'Especie', NULL, 4, 37, 0x3230323530363235323132393136305f71722e706e67, '202506252129160', 63, '2025-06-25 21:29:16', '2025-06-25 21:29:16'),
(927, 'lepanthes acuminata', 'Especie', NULL, 9, 94, 0x3230323530363235323132393536305f71722e706e67, '202506252129560', 63, '2025-06-25 21:29:56', '2025-06-25 21:35:21'),
(928, 'lepanthes hondurensis', 'Especie', NULL, 9, 94, 0x3230323530363235323133303432305f71722e706e67, '202506252130420', 63, '2025-06-25 21:30:42', '2025-06-25 21:30:42'),
(929, 'Isochilus alatus', 'Especie', NULL, 1, 11, 0x3230323530363235323133373038305f71722e706e67, '202506252137080', 15, '2025-06-25 21:37:08', '2025-06-25 21:37:08'),
(930, 'Isochilus alatus', 'Especie', NULL, 1, 11, 0x3230323530363235323133373038315f71722e706e67, '202506252137081', 15, '2025-06-25 21:37:08', '2025-06-25 21:37:08'),
(931, 'Domingoa purpurea', 'Especie', NULL, 10, 104, 0x3230323530363235323134303432305f71722e706e67, '202506252140420', 19, '2025-06-25 21:40:42', '2025-06-25 21:40:42'),
(932, 'Stelis emorginala', 'Especie', NULL, 9, 87, 0x3230323530363235323134323033305f71722e706e67, '202506252142030', 19, '2025-06-25 21:42:03', '2025-06-25 21:42:03'),
(933, 'Stelis emorginala', 'Especie', NULL, 9, 87, 0x3230323530363235323134323033315f71722e706e67, '202506252142031', 19, '2025-06-25 21:42:03', '2025-06-25 21:42:03'),
(934, 'Lycaste Archilac', 'Híbrida', NULL, 4, 31, 0x3230323530363235323134323039305f71722e706e67, '202506252142090', 54, '2025-06-25 21:42:09', '2025-06-25 21:42:09'),
(935, 'lycaste deppei', 'Especie', NULL, 4, 25, 0x3230323530363235323134323330305f71722e706e67, '202506252142300', 64, '2025-06-25 21:42:30', '2025-06-25 21:42:30'),
(936, 'Prostachea Radiata', 'Especie', NULL, 1, 7, 0x3230323530363235323134323339305f71722e706e67, '202506252142390', 19, '2025-06-25 21:42:39', '2025-06-25 21:42:39'),
(937, 'Encyclia Alata', 'Especie', NULL, 1, 6, 0x3230323530363235323134333236305f71722e706e67, '202506252143260', 54, '2025-06-25 21:43:26', '2025-06-25 21:43:26'),
(938, 'Encyclia Alata', 'Especie', NULL, 1, 6, 0x3230323530363235323134333236315f71722e706e67, '202506252143261', 54, '2025-06-25 21:43:26', '2025-06-25 21:43:26'),
(939, 'Prosthechea cochleata', 'Especie', NULL, 1, 7, 0x3230323530363235323134333332305f71722e706e67, '202506252143320', 19, '2025-06-25 21:43:32', '2025-06-25 21:43:32'),
(940, 'Gongora cassidea', 'Especie', NULL, 4, 44, 0x3230323530363235323134343032305f71722e706e67, '202506252144020', 64, '2025-06-25 21:44:02', '2025-06-25 21:44:02'),
(941, 'Prosthechea Radiata', 'Especie', NULL, 1, 7, 0x3230323530363235323134343038305f71722e706e67, '202506252144080', 54, '2025-06-25 21:44:08', '2025-06-25 21:44:08'),
(942, 'Prosthechea Radiata', 'Especie', NULL, 1, 7, 0x3230323530363235323134343038315f71722e706e67, '202506252144081', 54, '2025-06-25 21:44:08', '2025-06-25 21:44:08'),
(943, 'Bulbophyllium Lobbi', 'Especie', NULL, 8, 79, 0x3230323530363235323134343137305f71722e706e67, '202506252144170', 19, '2025-06-25 21:44:17', '2025-06-25 21:44:17'),
(944, 'Domingoa purpurea', 'Especie', NULL, 10, 104, 0x3230323530363235323134343433305f71722e706e67, '202506252144430', 54, '2025-06-25 21:44:43', '2025-06-25 21:44:43'),
(945, 'Domingoa purpurea', 'Especie', NULL, 10, 104, 0x3230323530363235323134343433315f71722e706e67, '202506252144431', 54, '2025-06-25 21:44:43', '2025-06-25 21:44:43'),
(946, 'Domingoa purpurea', 'Especie', NULL, 10, 104, 0x3230323530363235323134343433325f71722e706e67, '202506252144432', 54, '2025-06-25 21:44:43', '2025-06-25 21:44:43'),
(947, 'Aerides orodata', 'Especie', NULL, 7, 67, 0x3230323530363235323134343538305f71722e706e67, '202506252144580', 64, '2025-06-25 21:44:58', '2025-06-25 21:44:58'),
(948, 'Dendrobium blanco', 'Híbrida', NULL, 8, 78, 0x3230323530363235323134353339305f71722e706e67, '202506252145390', 54, '2025-06-25 21:45:39', '2025-06-25 21:45:39'),
(949, 'Dichaea squarrosa', 'Especie', NULL, 10, 104, 0x3230323530363235323134363434305f71722e706e67, '202506252146440', 64, '2025-06-25 21:46:44', '2025-06-25 21:46:44'),
(950, 'Prosthechea cochleata', 'Especie', NULL, 1, 7, 0x3230323530363235323134363436305f71722e706e67, '202506252146460', 54, '2025-06-25 21:46:46', '2025-06-25 21:46:46'),
(951, 'Phalaenopsis hibrido', 'Hibrida', NULL, 7, 70, 0x3230323530363235323134373334305f71722e706e67, '202506252147340', 54, '2025-06-25 21:47:34', '2025-06-25 21:48:38'),
(952, 'Lepanthes stenophylla', 'Especie', NULL, 9, 93, 0x3230323530363235323134373535305f71722e706e67, '202506252147550', 64, '2025-06-25 21:47:55', '2025-06-25 21:47:55'),
(953, 'Phalaenopsis hibrido', 'Híbrida', NULL, 7, 70, 0x3230323530363235323134393130305f71722e706e67, '202506252149100', 54, '2025-06-25 21:49:10', '2025-06-25 21:49:10'),
(954, 'Specklinia tribuloides', 'Especie', NULL, 9, 97, 0x3230323530363235323134393230305f71722e706e67, '202506252149200', 64, '2025-06-25 21:49:20', '2025-06-25 21:49:20'),
(955, 'Phalaenopsis pulchra', 'Especie', NULL, 7, 71, 0x3230323530363235323135303331305f71722e706e67, '202506252150310', 54, '2025-06-25 21:50:31', '2025-06-25 21:50:31'),
(956, 'Myrmecophila tibicinis', 'Especie', NULL, 1, 9, 0x3230323530363235323135303434305f71722e706e67, '202506252150440', 64, '2025-06-25 21:50:44', '2025-06-25 21:50:44'),
(957, 'Epidendrum nocturnum', 'Especie', NULL, 1, 1, 0x3230323530363235323135313136305f71722e706e67, '202506252151160', 54, '2025-06-25 21:51:16', '2025-06-25 21:51:16'),
(958, 'Bulbophyllum lobbii', 'Especie', NULL, 8, 79, 0x3230323530363235323135313532305f71722e706e67, '202506252151520', 54, '2025-06-25 21:51:52', '2025-06-25 21:51:52'),
(959, 'Ornithoceplalum inflexus', 'Especie', NULL, 10, 105, 0x3230323530363235323135323432305f71722e706e67, '202506252152420', 54, '2025-06-25 21:52:42', '2025-06-25 21:52:42'),
(960, 'Ornithoceplalum inflexus', 'Especie', NULL, 10, 105, 0x3230323530363235323135323432315f71722e706e67, '202506252152421', 54, '2025-06-25 21:52:42', '2025-06-25 21:52:42'),
(961, 'Specklinia grobyii', 'Especie', NULL, 9, 97, 0x3230323530363235323135333234305f71722e706e67, '202506252153240', 54, '2025-06-25 21:53:24', '2025-06-25 21:53:24'),
(962, 'Lycaste Consobrina', 'Especie', NULL, 4, 24, 0x3230323530363235323135333235305f71722e706e67, '202506252153250', 20, '2025-06-25 21:53:25', '2025-06-25 21:53:25'),
(963, 'rossioglossum williamsianum', 'Especie', NULL, 5, 49, 0x3230323530363235323135333539305f71722e706e67, '202506252153590', 65, '2025-06-25 21:53:59', '2025-06-25 21:53:59'),
(964, 'Lycaste Deppei', 'Especie', NULL, 4, 25, 0x3230323530363235323135343039305f71722e706e67, '202506252154090', 20, '2025-06-25 21:54:09', '2025-06-25 21:54:09'),
(965, 'Specklinia Tribuloides', 'Especie', NULL, 9, 97, 0x3230323530363235323135343134305f71722e706e67, '202506252154140', 54, '2025-06-25 21:54:14', '2025-06-25 21:54:14'),
(966, 'prosthechea rhynchophora', 'Especie', NULL, 1, 7, 0x3230323530363235323135343430305f71722e706e67, '202506252154400', 62, '2025-06-25 21:54:40', '2025-06-25 21:54:40'),
(967, 'Paphiopedilum Rosy Dawn', 'Híbrida', NULL, 6, 60, 0x3230323530363235323135353039305f71722e706e67, '202506252155090', 20, '2025-06-25 21:55:09', '2025-06-25 21:55:09'),
(968, 'lycaste dowiana', 'Especie', NULL, 4, 26, 0x3230323530363235323135353239305f71722e706e67, '202506252155290', 65, '2025-06-25 21:55:29', '2025-06-25 21:55:29'),
(969, 'Trichosalpinx. ciliarc', 'Especie', NULL, 9, 96, 0x3230323530363235323135353330305f71722e706e67, '202506252155300', 54, '2025-06-25 21:55:30', '2025-06-25 21:55:30'),
(970, 'Paphiopedilum hibrido', 'Híbrida', NULL, 6, 60, 0x3230323530363235323135353339305f71722e706e67, '202506252155390', 20, '2025-06-25 21:55:39', '2025-06-25 21:55:39'),
(971, 'Lycaste Deppei', 'Especie', NULL, 4, 25, 0x3230323530363235323135353439305f71722e706e67, '202506252155490', 65, '2025-06-25 21:55:49', '2025-06-25 21:55:49'),
(972, 'Prostachea Radiata', 'Especie', NULL, 1, 7, 0x3230323530363235323135363137305f71722e706e67, '202506252156170', 65, '2025-06-25 21:56:17', '2025-06-25 21:56:17'),
(973, 'Maxilaria varibillis', 'Especie', NULL, 4, 36, 0x3230323530363235323135373033305f71722e706e67, '202506252157030', 65, '2025-06-25 21:57:03', '2025-06-25 21:57:03'),
(974, 'Maxillaria egertoniana', 'Especie', NULL, 4, 39, 0x3230323530363235323135373137305f71722e706e67, '202506252157170', 54, '2025-06-25 21:57:17', '2025-06-25 21:57:17'),
(975, 'platystele', 'Especie', NULL, 9, 90, 0x3230323530363235323135373537305f71722e706e67, '202506252157570', 65, '2025-06-25 21:57:57', '2025-06-25 21:57:57'),
(976, 'lycaste dowiana', 'Especie', NULL, 4, 26, 0x3230323530363235323230303130305f71722e706e67, '202506252200100', 65, '2025-06-25 22:00:10', '2025-06-25 22:00:10'),
(977, 'Lycaste Dowiana var isabelli', 'Especie', NULL, 4, 26, 0x3230323530363235323230313136305f71722e706e67, '202506252201160', 2, '2025-06-25 22:01:16', '2025-06-25 22:01:16'),
(978, 'Lycaste Dowiana var isabelli', 'Especie', NULL, 4, 26, 0x3230323530363235323230313136315f71722e706e67, '202506252201161', 2, '2025-06-25 22:01:16', '2025-06-25 22:01:16'),
(979, 'Lycaste deppei ', 'Especie', NULL, 4, 25, 0x3230323530363235323230313438305f71722e706e67, '202506252201480', 2, '2025-06-25 22:01:48', '2025-06-25 22:01:48'),
(980, 'Lycaste deppei ', 'Especie', NULL, 4, 25, 0x3230323530363235323230313438315f71722e706e67, '202506252201481', 2, '2025-06-25 22:01:48', '2025-06-25 22:01:48'),
(981, 'Lycaste dolwiana', 'Especie', NULL, 4, 26, 0x3230323530363235323230343135305f71722e706e67, '202506252204150', 2, '2025-06-25 22:04:15', '2025-06-25 22:04:15'),
(982, 'Lycaste Virginalis var alba', 'Especie', NULL, 4, 19, 0x3230323530363235323230393530305f71722e706e67, '202506252209500', 2, '2025-06-25 22:09:50', '2025-06-25 22:09:50'),
(983, 'Encyclia Alata', 'Especie', NULL, 1, 6, 0x3230323530363235323231393238305f71722e706e67, '202506252219280', 2, '2025-06-25 22:19:28', '2025-06-25 22:19:28'),
(984, 'Dryadela guatemalensis', 'Especie', NULL, 9, 98, 0x3230323530363235323232303037305f71722e706e67, '202506252220070', 2, '2025-06-25 22:20:07', '2025-06-25 22:20:07'),
(985, 'Isochilus chiriquensis', 'Especie', NULL, 1, 11, 0x3230323530363235323232313232305f71722e706e67, '202506252221220', 2, '2025-06-25 22:21:22', '2025-06-25 22:21:22'),
(986, 'Prostechea Cochleata', 'Especie', NULL, 1, 7, 0x3230323530363235323232323036305f71722e706e67, '202506252222060', 2, '2025-06-25 22:22:06', '2025-06-25 22:22:06'),
(987, 'Spathoglottis', 'Especie', NULL, 8, 82, 0x3230323530363235323233373134305f71722e706e67, '202506252237140', 2, '2025-06-25 22:37:14', '2025-06-25 22:37:14'),
(988, 'Lycaste x michelli', 'Híbrida', NULL, 4, 32, 0x3230323530363235323234303335305f71722e706e67, '202506252240350', 2, '2025-06-25 22:40:35', '2025-06-25 22:40:35'),
(989, 'Lycaste x michelli', 'Híbrida', NULL, 4, 32, 0x3230323530363235323234303335315f71722e706e67, '202506252240351', 2, '2025-06-25 22:40:35', '2025-06-25 22:40:35'),
(990, 'Lycaste guatemalensis x xanthocheila', 'Hibrida', NULL, 4, 31, 0x3230323530363235323234363432305f71722e706e67, '202506252246420', 2, '2025-06-25 22:46:42', '2025-06-25 23:02:25'),
(991, 'Phalaenopsis pulchra', 'Especie', NULL, 7, 71, 0x3230323530363235323331313030305f71722e706e67, '202506252311000', 66, '2025-06-25 23:11:00', '2025-06-25 23:11:00'),
(992, 'Bulbophyllum macranthan', 'Especie', NULL, 8, 79, 0x3230323530363235323332393430305f71722e706e67, '202506252329400', 7, '2025-06-25 23:29:40', '2025-06-25 23:29:40'),
(993, 'Stanhopea sp.', 'Especie', NULL, 4, 44, 0x3230323530363235323333303234305f71722e706e67, '202506252330240', 7, '2025-06-25 23:30:24', '2025-06-25 23:30:24'),
(994, 'Bulbophyllum lobbii', 'Especie', NULL, 8, 79, 0x3230323530363235323333303530305f71722e706e67, '202506252330500', 7, '2025-06-25 23:30:50', '2025-06-25 23:30:50'),
(995, 'Encyclia Guatemalensis', 'Especie', NULL, 1, 6, 0x3230323530363235323333313330305f71722e706e67, '202506252331300', 7, '2025-06-25 23:31:30', '2025-06-25 23:31:30'),
(996, 'Platystele oralilabia', 'Especie', NULL, 9, 90, 0x3230323530363235323333323331305f71722e706e67, '202506252332310', 7, '2025-06-25 23:32:31', '2025-06-25 23:32:31'),
(997, 'Anguloa', 'Especie', NULL, 4, 30, 0x3230323530363235323333323432305f71722e706e67, '202506252332420', 7, '2025-06-25 23:32:42', '2025-06-25 23:32:42'),
(998, 'Domingoa purpurea', 'Especie', NULL, 10, 104, 0x3230323530363235323333333232305f71722e706e67, '202506252333220', 7, '2025-06-25 23:33:22', '2025-06-25 23:33:22'),
(999, 'cycnoches ventricosum', 'Especie', NULL, 4, 43, 0x3230323530363235323333333337305f71722e706e67, '202506252333370', 7, '2025-06-25 23:33:37', '2025-06-25 23:33:37'),
(1000, 'Encyclia Trachychilla', 'Especie', NULL, 1, 6, 0x3230323530363235323333343030305f71722e706e67, '202506252334000', 7, '2025-06-25 23:34:00', '2025-06-25 23:34:00'),
(1001, 'Mormodes nagellii', 'Especie', NULL, 4, 43, 0x3230323530363235323333343130305f71722e706e67, '202506252334100', 7, '2025-06-25 23:34:10', '2025-06-25 23:34:10'),
(1002, 'Encyclia Trachychilla', 'Especie', NULL, 1, 6, 0x3230323530363235323333343238305f71722e706e67, '202506252334280', 7, '2025-06-25 23:34:28', '2025-06-25 23:34:28'),
(1003, 'Encyclia Trachychilla', 'Especie', NULL, 1, 6, 0x3230323530363235323333343238315f71722e706e67, '202506252334281', 7, '2025-06-25 23:34:28', '2025-06-25 23:34:28'),
(1004, 'Encyclia Trachychilla', 'Especie', NULL, 1, 6, 0x3230323530363235323333343238325f71722e706e67, '202506252334282', 7, '2025-06-25 23:34:28', '2025-06-25 23:34:28'),
(1005, 'Stanophea sp', 'Especie', NULL, 4, 44, 0x3230323530363235323333343338305f71722e706e67, '202506252334380', 67, '2025-06-25 23:34:38', '2025-06-25 23:34:38'),
(1006, 'phragmipedium Eric young', 'Híbrida', NULL, 6, 59, 0x3230323530363235323333353033305f71722e706e67, '202506252335030', 7, '2025-06-25 23:35:03', '2025-06-25 23:35:03'),
(1007, 'Brassavola nodosa ', 'Especie', NULL, 1, 8, 0x3230323530363235323333353233305f71722e706e67, '202506252335230', 7, '2025-06-25 23:35:23', '2025-06-25 23:35:23'),
(1008, 'Bulbophyllium sp', 'Híbrida', NULL, 8, 79, 0x3230323530363235323333353338305f71722e706e67, '202506252335380', 7, '2025-06-25 23:35:38', '2025-06-25 23:35:38'),
(1009, 'Lycaste deppei', 'Especie', NULL, 4, 25, 0x3230323530363235323333353539305f71722e706e67, '202506252335590', 7, '2025-06-25 23:35:59', '2025-06-25 23:35:59'),
(1010, 'Lycaste deppei', 'Especie', NULL, 4, 25, 0x3230323530363235323333353539315f71722e706e67, '202506252335591', 7, '2025-06-25 23:35:59', '2025-06-25 23:35:59'),
(1011, 'Lycaste deppei', 'Especie', NULL, 4, 25, 0x3230323530363235323333353539325f71722e706e67, '202506252335592', 7, '2025-06-25 23:35:59', '2025-06-25 23:35:59'),
(1012, 'Lycaste deppei', 'Especie', NULL, 4, 25, 0x3230323530363235323333353539335f71722e706e67, '202506252335593', 7, '2025-06-25 23:35:59', '2025-06-25 23:35:59'),
(1013, 'Lycaste deppei', 'Especie', NULL, 4, 25, 0x3230323530363235323333353539345f71722e706e67, '202506252335594', 7, '2025-06-25 23:35:59', '2025-06-25 23:35:59'),
(1014, 'Lycaste virginalis', 'Especie', NULL, 4, 20, 0x3230323530363235323333363236305f71722e706e67, '202506252336260', 7, '2025-06-25 23:36:26', '2025-06-25 23:36:26'),
(1015, 'Encyclia trachychylla', 'Especie', NULL, 1, 6, 0x3230323530363235323333363236305f71722e706e67, '202506252336260', 66, '2025-06-25 23:36:26', '2025-06-25 23:36:26'),
(1016, 'prosthechea mariae', 'Especie', NULL, 1, 7, 0x3230323530363235323333363432305f71722e706e67, '202506252336420', 7, '2025-06-25 23:36:42', '2025-06-25 23:36:42'),
(1017, 'Lycaste consobrina', 'Especie', NULL, 4, 24, 0x3230323530363235323333373031305f71722e706e67, '202506252337010', 7, '2025-06-25 23:37:01', '2025-06-25 23:37:01'),
(1018, 'Lycaste consobrina', 'Especie', NULL, 4, 24, 0x3230323530363235323333373031315f71722e706e67, '202506252337011', 7, '2025-06-25 23:37:01', '2025-06-25 23:37:01'),
(1019, 'Paphiopedilum Rosy Down', 'Híbrida', NULL, 6, 60, 0x3230323530363235323333373139305f71722e706e67, '202506252337190', 7, '2025-06-25 23:37:19', '2025-06-25 23:37:19'),
(1020, 'Lycaste Jason', 'Híbrida', NULL, 4, 31, 0x3230323530363235323333373436305f71722e706e67, '202506252337460', 7, '2025-06-25 23:37:46', '2025-06-25 23:37:46'),
(1021, 'Maxilaria grandiflora ', 'Especie', NULL, 4, 38, 0x3230323530363235323333383032305f71722e706e67, '202506252338020', 7, '2025-06-25 23:38:02', '2025-06-25 23:38:02'),
(1022, 'Lycaste dowiana', 'Especie', NULL, 4, 26, 0x3230323530363235323333383233305f71722e706e67, '202506252338230', 7, '2025-06-25 23:38:23', '2025-06-25 23:38:23'),
(1023, 'Lycaste dowiana', 'Especie', NULL, 4, 26, 0x3230323530363235323333383233315f71722e706e67, '202506252338231', 7, '2025-06-25 23:38:23', '2025-06-25 23:38:23'),
(1024, 'Lycaste dowiana', 'Especie', NULL, 4, 26, 0x3230323530363235323333383233325f71722e706e67, '202506252338232', 7, '2025-06-25 23:38:23', '2025-06-25 23:38:23'),
(1025, 'epidendrum ciliare', 'Especie', NULL, 1, 1, 0x3230323530363235323333393238305f71722e706e67, '202506252339280', 7, '2025-06-25 23:39:28', '2025-06-25 23:39:28'),
(1026, 'Brassia verrucosa', 'Especie', NULL, 5, 51, 0x3230323530363236303033333135305f71722e706e67, '202506260033150', 7, '2025-06-26 00:33:15', '2025-06-26 00:33:15'),
(1027, 'Brassia brachiata', 'Especie', NULL, 5, 51, 0x3230323530363236303033333436305f71722e706e67, '202506260033460', 7, '2025-06-26 00:33:46', '2025-06-26 00:33:46');

-- --------------------------------------------------------

--
-- Estructura de tabla para la tabla `tb_participante`
--

CREATE TABLE `tb_participante` (
  `id` int(11) NOT NULL,
  `nombre` varchar(255) NOT NULL,
  `numero_telefonico` varchar(15) DEFAULT NULL,
  `direccion` varchar(255) DEFAULT NULL,
  `id_tipo` int(11) NOT NULL,
  `id_departamento` int(11) DEFAULT NULL,
  `id_municipio` int(11) DEFAULT NULL,
  `pais` varchar(100) DEFAULT NULL,
  `id_aso` int(11) NOT NULL,
  `fecha_creacion` timestamp NOT NULL DEFAULT current_timestamp(),
  `fecha_actualizacion` timestamp NOT NULL DEFAULT current_timestamp() ON UPDATE current_timestamp(),
  `id_usuario` int(11) NOT NULL
) ENGINE=InnoDB DEFAULT CHARSET=utf8mb4 COLLATE=utf8mb4_general_ci;

--
-- Volcado de datos para la tabla `tb_participante`
--

INSERT INTO `tb_participante` (`id`, `nombre`, `numero_telefonico`, `direccion`, `id_tipo`, `id_departamento`, `id_municipio`, `pais`, `id_aso`, `fecha_creacion`, `fecha_actualizacion`, `id_usuario`) VALUES
(1, 'Priscila Gómez Sanchinelli ', '51521010', 'San Juan chamelco ', 1, 1, 10, 'Guatemala', 6, '2024-11-07 18:03:51', '2024-11-07 18:03:51', 16),
(2, 'Perla Albadina Villatoro Milian', '50427329', '7a Calle 10-35 Zona 1', 1, 1, 9, 'Guatemala', 4, '2024-11-07 18:38:06', '2024-11-07 18:38:06', 20),
(3, 'Pablo Luis Ruiz Pérez ', '55555555', 'Carcha ', 1, 1, 9, 'Guatemala', 6, '2024-11-07 21:41:07', '2024-11-07 21:41:07', 22),
(4, 'Juan Paredes', '5555-6699', 'Coban', 1, 1, 1, 'Guatemala', 6, '2024-11-07 22:11:08', '2024-11-07 22:11:08', 23),
(5, 'Victor Manuel De Jesus Sarazua Fernandez', '51309066', '5ta. calle 1-37 zona 3, San Cristobal Verapaz', 1, 1, 3, 'Guatemala', 4, '2024-11-10 20:28:45', '2024-11-10 20:28:45', 26),
(6, 'Joan Stanley', '57230796', 'Km 207 CN 7W, Casa Misterio Verde, aldea Chiyuc, San Cristobal Verapaz, A.V.', 1, 1, 3, 'Guatemala', 4, '2024-11-10 21:39:15', '2024-11-10 21:39:15', 27),
(7, 'César Danilo Maaz Stwolinski', '46417889', 'San Pedro Carchá, Alta Verapaz ', 1, 1, 9, 'Guatemala', 4, '2024-11-10 21:41:50', '2024-11-10 21:41:50', 29),
(8, 'Familia Ruiz Moino', '37711135', 'Coban', 1, 1, 1, '', 4, '2024-11-10 21:51:05', '2024-11-16 23:20:30', 31),
(9, 'Alberto contreras', '43108183', 'Zona 10', 1, 1, 1, 'Guatemala', 6, '2024-11-10 23:51:58', '2024-11-10 23:51:58', 5),
(10, 'Norman Aquino Esteban', '53069868', '14 CALLE 31-21 ZONA 7 TIKAL 3', 1, 7, 72, 'Guatemala', 1, '2024-11-16 14:01:30', '2024-11-16 14:01:30', 37),
(11, 'Sandra Sorel Cruz Riveiro', '53028740  -  39', '4 Avenida 8-12 zona 8', 1, 1, 1, 'Guatemala', 6, '2024-11-16 18:24:39', '2024-11-16 18:24:39', 38),
(12, 'Finca Santa Anita', '57849127', 'Cobán, Alta Verapaz', 1, 1, 1, 'Guatemala', 6, '2024-11-16 21:02:56', '2024-11-16 21:02:56', 35),
(13, 'Grupo de Estudio en Botánica y Anatomía Vegetal Agronomía CUNOR - USAC', '55954884', 'Cobán, Alta Verapaz', 1, 1, 1, 'Guatemala', 6, '2024-11-16 22:23:42', '2024-11-16 22:23:42', 35),
(14, 'Mauro García García', '41287190', 'Cobán, Alta Verapaz', 1, 1, 1, 'Guatemala', 4, '2024-11-16 22:36:50', '2024-11-16 22:36:50', 1),
(15, 'Familia Pape Gregg', '42940534', 'Cobán, A.V.', 1, 1, 1, 'Guatemala', 4, '2024-11-16 22:42:04', '2024-11-16 22:42:04', 1),
(16, 'Carlos Teyul', '58221848', 'Colonia Monja Blanca', 1, 1, 1, 'Guatemala', 6, '2024-11-16 22:50:24', '2024-11-16 22:50:24', 35),
(18, 'Carol Hernadez', '41188606', '8 av 3-12 zona 2', 1, 1, 1, 'Guatemala', 6, '2024-11-16 23:11:45', '2024-11-16 23:11:45', 41),
(19, 'Blanca Rosa Chenal', '40450309', 'coban', 1, 1, 1, 'Guatemala', 4, '2024-11-16 23:14:40', '2024-11-16 23:14:40', 42),
(20, 'Marlene Spiegeler', '52088956', 'San Juan Chamelco', 1, 1, 10, 'Guatemala', 4, '2024-11-16 23:23:09', '2024-11-16 23:23:09', 40),
(21, 'Sandra Ninet Del Cid Del Cid', '00000000', 'Coban A.V.', 1, 1, 1, 'Guatemala', 6, '2024-11-16 23:31:06', '2024-11-16 23:31:06', 1),
(22, 'Karol Sanchinelli Pezzarossi', '3222-2266', 'San Juan Chamelco ', 1, 1, 10, 'Guatemala', 4, '2024-11-16 23:48:47', '2024-11-16 23:48:47', 44),
(23, 'Alejandro Bolaños Molina ', '00000000', 'Guatemala', 1, 7, 72, '', 1, '2024-11-17 16:46:49', '2024-11-17 16:58:29', 1),
(24, 'Marla de Padilla ', '42728881', 'Guatemala ', 1, 7, 72, 'Guatemala', 6, '2024-11-17 16:48:04', '2024-11-17 16:48:04', 1),
(25, 'Norman Aquino', '53069868', 'Cd. Guatemala', 1, 7, 72, 'Guatemala', 6, '2024-11-17 16:50:08', '2024-11-17 16:50:08', 1),
(26, 'Javier Matla y Jonathan Velásquez', '59797978', 'Guatemala', 1, 7, 72, 'Guatemala', 6, '2024-11-17 16:56:24', '2024-11-17 16:56:24', 1),
(27, 'Miguel Ángel Velásquez Martínez ', '00000000', 'San Bartolomé milpas altas ', 1, 7, 72, 'Guatemala', 6, '2024-11-17 16:58:57', '2024-11-17 16:58:57', 1),
(28, 'Juan Francisco Velasquez Martínez', '00000000', 'San Bartolomé Milpas Altas', 1, 16, 220, 'Guatemala', 6, '2024-11-17 17:04:14', '2024-11-17 17:04:14', 1),
(29, 'Ruby Amado de Imeri ', '00000000', 'Guatemala ', 1, 7, 72, 'Guatemala', 6, '2024-11-17 17:07:27', '2024-11-17 17:07:27', 1),
(30, 'Visi de minondo ', '52066884', 'zona 7', 1, 7, 72, 'Guatemala', 1, '2024-11-17 17:09:36', '2024-11-17 17:09:36', 1),
(31, 'Angela de Zuleta', '59736729', 'Salamá Baja Verapaz', 1, 2, 17, 'Guatemala', 2, '2024-11-17 17:44:34', '2024-11-17 17:44:34', 1),
(32, 'Villa Lorena', '46308462', 'Salamá Baja Verapaz', 1, 2, 17, 'Guatemala', 2, '2024-11-17 17:59:56', '2024-11-17 17:59:56', 1),
(33, 'Silvia Di Pollina de Palmieri', '55583881', '14 Calle 8-13 zona 10', 1, 1, 1, 'Guatemala', 6, '2024-11-17 18:04:37', '2024-11-17 18:04:37', 1),
(34, 'Oscar Guillermo ', '00000000', 'Salama ', 1, 2, 17, 'Guatemala', 6, '2024-11-17 18:05:20', '2024-11-17 18:05:20', 1),
(35, 'Vivero Angelus', '30112331', 'S', 1, 2, 17, 'Guatemala', 2, '2024-11-17 18:18:08', '2024-11-17 18:18:08', 1),
(36, 'ORQUIGONIA ', '00000000', 'Alta verapaz ', 1, 1, 1, 'Guatemala', 6, '2024-11-17 18:18:58', '2024-11-17 18:18:58', 1),
(37, 'Jorge Ramirez', '51026562', 'Salamá B.V.', 1, 2, 17, 'Guatemala', 2, '2024-11-17 18:37:21', '2024-11-17 18:37:21', 1),
(38, 'Mario Palmieri/ Silvia de Palimeri', '55583881', 'Zona 10 ', 1, 7, 72, 'Guatemala', 1, '2024-11-17 18:40:03', '2024-11-17 18:40:03', 1),
(39, 'Natalia Zuleta', '50182544', 'Salamá Baja Verapaz', 1, 2, 17, 'Guatemala', 2, '2024-11-17 18:54:01', '2024-11-17 18:54:01', 1),
(40, 'Heidy Gabriela Chavarria del Cid', '46255295', 'Cobán, Alta Verapaz', 1, 1, 1, 'Guatemala', 6, '2024-11-17 20:41:49', '2024-11-17 20:41:49', 1),
(41, 'María Elena Rivera', '51198474', 'Purulhá B.V.', 1, 2, 23, 'Guatemala', 1, '2024-11-17 20:52:09', '2024-11-17 20:52:09', 1),
(42, 'Marta Reyes', '51542409', 'Santa Cruz verapaz', 1, 1, 2, 'Guatemala', 6, '2024-11-17 21:17:25', '2024-11-17 21:17:25', 1),
(43, 'Astrid Javier', '51198474', 'Guatemala', 1, 7, 72, 'Guatemala', 1, '2024-11-17 21:20:16', '2024-11-17 21:20:16', 1),
(44, 'Maria Elena Rivera', '51198474', 'Purulhá B.V.', 1, 2, 23, 'Guatemala', 1, '2024-11-17 21:22:33', '2024-11-17 21:22:33', 1),
(45, 'Werner Ramírez', '46824015', 'Cobán, Alta Verapaz', 1, 1, 1, 'Guatemala', 4, '2024-11-17 21:24:20', '2024-11-17 21:24:20', 1),
(47, 'Familia Aguilar Hidalgo', '58683398', 'Coban A.V.', 1, 1, 1, 'Guatemala', 6, '2024-11-17 22:24:54', '2024-11-17 22:24:54', 1),
(48, 'Jaime Mó', '41545735', 'Cobán A.V.', 1, 1, 1, 'Guatemala', 4, '2024-11-17 23:21:30', '2024-11-17 23:21:30', 1),
(49, 'Anagracia de Reyes', '52025941', 'Zona 15', 1, 7, 72, '', 1, '2024-11-17 23:41:35', '2024-11-18 23:52:38', 1),
(50, 'Herbert Soto', '31973752', 'Coban Zona 9', 1, 1, 1, 'Guatemala', 4, '2024-11-18 00:20:56', '2024-11-18 00:20:56', 1),
(51, 'Jorge A. Carlos', '56277723', '6ta. Av. 3-44 Zona 4', 1, 1, 1, 'Guatemala', 4, '2024-11-18 21:01:58', '2024-11-18 21:01:58', 1),
(52, 'Guiselle Carlos V.', '55152332', '6ta. Av. 3-44 Zona 4', 1, 1, 1, 'Guatemala', 0, '2024-11-18 21:03:11', '2024-11-18 21:03:11', 1),
(53, 'Mayra López', '43912286', 'San Pedro Carchá A.V.', 1, 1, 9, 'Guatemala', 6, '2024-11-18 21:46:30', '2024-11-18 21:46:30', 1),
(54, 'Helmuth Ibañez', '52041846', 'Coban A-V-', 1, 1, 1, 'Guatemala', 4, '2024-11-18 22:22:15', '2024-11-18 22:22:15', 1),
(55, 'Orlando Pop', '569997464', 'Coban A v', 1, 1, 1, 'Guatemala', 5, '2024-11-18 23:26:14', '2024-11-18 23:26:14', 1),
(56, 'José Can', '79511616', 'Cobán, Alta Verapaz', 1, 1, 1, 'Guatemala', 6, '2024-11-19 22:31:12', '2024-11-19 22:31:12', 1),
(57, 'fidelina tux', '58198502', 'carcha', 1, 1, 9, 'Guatemala', 5, '2025-06-25 17:36:10', '2025-06-25 17:36:10', 1),
(58, 'Salvador Mateo Catalán Ponce', '00000000', 'Barrio Ascienda la virgen salama', 1, 2, 17, 'Guatemala', 2, '2025-06-25 17:37:23', '2025-06-25 17:37:23', 1),
(59, 'Alondra Agelucia Guillermo', '59498021', 'Barrio Ascienda la virgen salama', 1, 2, 17, 'Guatemala', 2, '2025-06-25 17:40:25', '2025-06-25 17:40:25', 1),
(60, 'Villa Lorena', '00000000', 'Aldea Matazas san Gerónimo ', 1, 2, 17, 'Guatemala', 2, '2025-06-25 17:41:31', '2025-06-25 17:41:31', 1),
(61, 'Fam. Aguilar Hidalgo ', '33198967', 'example', 1, 1, 9, 'Guatemala', 6, '2025-06-25 18:16:42', '2025-06-25 18:16:42', 1),
(62, 'Enrique Ruiz', '37711135', 'Coban A v', 1, 1, 1, 'Guatemala', 6, '2025-06-25 20:49:26', '2025-06-25 20:49:26', 1),
(63, 'Werner y Magaly', '46824015', 'coban', 1, 1, 1, 'Guatemala', 6, '2025-06-25 21:22:47', '2025-06-25 21:22:47', 1),
(64, 'Familia Pérez Caal', '55110855', 'ciudad', 1, 1, 1, 'Guatemala', 4, '2025-06-25 21:39:11', '2025-06-25 21:39:11', 1),
(65, 'Edwin Paau', '53182559', 'coban', 1, 1, 1, 'Guatemala', 6, '2025-06-25 21:52:15', '2025-06-25 21:52:15', 1),
(66, 'Familia García Estrada', '37806474', 'Cobán A.V.', 1, 1, 1, 'Guatemala', 4, '2025-06-25 23:09:57', '2025-06-25 23:09:57', 1),
(67, 'Leo Morales', '46889736', 'Carcha', 1, 1, 9, 'Guatemala', 6, '2025-06-25 23:32:18', '2025-06-25 23:32:18', 1);

-- --------------------------------------------------------

--
-- Estructura de tabla para la tabla `tb_tipoparticipante`
--

CREATE TABLE `tb_tipoparticipante` (
  `id_tipo` int(11) NOT NULL,
  `Clase` varchar(10) NOT NULL
) ENGINE=InnoDB DEFAULT CHARSET=utf8mb4 COLLATE=utf8mb4_general_ci;

--
-- Volcado de datos para la tabla `tb_tipoparticipante`
--

INSERT INTO `tb_tipoparticipante` (`id_tipo`, `Clase`) VALUES
(1, 'Nacional'),
(2, 'Extranjero');

-- --------------------------------------------------------

--
-- Estructura de tabla para la tabla `tb_trofeo`
--

CREATE TABLE `tb_trofeo` (
  `id_trofeo` int(11) NOT NULL,
  `id_orquidea` int(11) DEFAULT NULL,
  `id_clase` int(11) DEFAULT NULL,
  `id_grupo` int(11) DEFAULT NULL,
  `categoria` varchar(50) DEFAULT NULL,
  `fecha_ganador` date DEFAULT NULL
) ENGINE=InnoDB DEFAULT CHARSET=utf8mb4 COLLATE=utf8mb4_general_ci;

--
-- Volcado de datos para la tabla `tb_trofeo`
--

INSERT INTO `tb_trofeo` (`id_trofeo`, `id_orquidea`, `id_clase`, `id_grupo`, `categoria`, `fecha_ganador`) VALUES
(4, 819, 2, 1, 'Ganador Absoluto', '2024-11-20'),
(5, 340, 2, 1, 'Ganador Absoluto', '2024-11-20'),
(6, 613, 62, 6, 'Ganador Absoluto', '2024-11-20'),
(7, 45, 5, 1, 'Ganador Absoluto', '2024-11-20'),
(8, 364, 16, 3, 'Ganador Absoluto', '2024-11-20'),
(9, 553, 15, 2, 'Ganador Absoluto', '2024-11-20'),
(10, 395, 10, 1, 'Ganador Absoluto', '2024-11-20'),
(11, 766, 6, 1, 'Ganador Absoluto', '2024-11-20'),
(12, 779, 11, 1, 'Ganador Absoluto', '2024-11-20'),
(13, 245, 43, 4, 'Ganador Absoluto', '2024-11-20'),
(14, 253, 44, 4, 'Ganador Absoluto', '2024-11-20'),
(15, 343, 53, 5, 'Ganador Absoluto', '2024-11-20'),
(16, 175, 46, 5, 'Ganador Absoluto', '2024-11-20'),
(17, 438, 56, 5, 'Ganador Absoluto', '2024-11-20'),
(18, 752, 79, 8, 'Ganador Absoluto', '2024-11-20'),
(19, 562, 82, 8, 'Ganador Absoluto', '2024-11-20'),
(20, 802, 109, 12, 'Ganador Absoluto', '2024-11-20'),
(21, 418, 32, 4, 'Ganador Absoluto', '2024-11-20'),
(22, 254, 31, 4, 'Ganador Absoluto', '2024-11-20'),
(24, 618, 78, 8, 'Ganador Absoluto', '2024-11-20'),
(25, 680, 59, 6, 'Ganador Absoluto', '2024-11-20'),
(26, 484, 41, 4, 'Ganador Absoluto', '2024-11-20'),
(27, 210, 69, 7, 'Ganador Absoluto', '2024-11-20'),
(28, 746, 39, 4, 'Ganador Absoluto', '2024-11-20'),
(29, 216, 30, 4, 'Ganador Absoluto', '2024-11-20'),
(30, 189, 23, 4, 'Ganador Absoluto', '2024-11-20'),
(31, 408, 27, 4, 'Ganador Absoluto', '2024-11-20'),
(32, 280, 106, 11, 'Ganador Absoluto', '2024-11-20'),
(33, 489, 21, 4, 'Ganador Absoluto', '2024-11-20'),
(34, 391, 19, 4, 'Ganador Absoluto', '2024-11-20'),
(35, 153, 22, 4, 'Ganador Absoluto', '2024-11-20'),
(36, 153, 22, 4, 'Ganador Absoluto', '2024-11-20'),
(37, 312, 20, 4, 'Ganador Absoluto', '2024-11-20'),
(38, 142, 112, 13, 'Ganador Absoluto', '2024-11-20'),
(39, 773, 85, 9, 'Ganador Absoluto', '2024-11-20'),
(40, 399, 87, 9, 'Ganador Absoluto', '2024-11-20'),
(41, 385, 83, 9, 'Ganador Absoluto', '2024-11-20'),
(42, 92, 88, 9, 'Ganador Absoluto', '2024-11-20'),
(43, 446, 89, 9, 'Ganador Absoluto', '2024-11-20'),
(44, 62, 93, 9, 'Ganador Absoluto', '2024-11-20'),
(45, 664, 96, 9, 'Ganador Absoluto', '2024-11-20'),
(46, 814, 99, 9, 'Ganador Absoluto', '2024-11-20'),
(47, 231, 84, 9, 'Ganador Absoluto', '2024-11-20'),
(48, 735, 100, 9, 'Ganador Absoluto', '2024-11-20'),
(49, 201, 58, 6, 'Ganador Absoluto', '2024-11-20'),
(50, 582, 67, 7, 'Ganador Absoluto', '2024-11-20'),
(51, 713, 7, 1, 'Ganador Absoluto', '2025-09-18'),
(52, 629, 26, 4, 'Ganador Absoluto', '2025-09-22');

-- --------------------------------------------------------

--
-- Estructura de tabla para la tabla `tb_usuarios`
--

CREATE TABLE `tb_usuarios` (
  `id_usuario` int(11) NOT NULL,
  `nombre_usuario` varbinary(255) NOT NULL,
  `correo` varbinary(255) NOT NULL,
  `contrasena` varbinary(255) NOT NULL,
  `id_departamento` int(11) NOT NULL,
  `id_municipio` int(11) NOT NULL,
  `id_tipo_usu` int(11) NOT NULL,
  `id_aso` int(11) NOT NULL,
  `fecha_registro` timestamp NOT NULL DEFAULT current_timestamp()
) ENGINE=InnoDB DEFAULT CHARSET=utf8mb4 COLLATE=utf8mb4_general_ci;

--
-- Volcado de datos para la tabla `tb_usuarios`
--

INSERT INTO `tb_usuarios` (`id_usuario`, `nombre_usuario`, `correo`, `contrasena`, `id_departamento`, `id_municipio`, `id_tipo_usu`, `id_aso`, `fecha_registro`) VALUES
(1, 0x41414f5f61646d696e31, 0x41414f40676d61696c2e636f6d, 0x2432792431302465574130696a2f59573462456a4b50487238364562655a46566f49494346686750556e724a6531764f4f775668503076577a616457, 1, 1, 1, 4, '2024-10-23 02:49:28'),
(2, 0x41414f61646d696e32, 0x41414f3240676d61696c2e636f6d, 0x2432792431302466417735374b485667656e6e546858647357744d532e43477a4f5547706f6f5178724a62335963534f796957634c6176517168364b, 1, 1, 2, 4, '2024-10-23 02:52:52'),
(3, 0x5061626c6f2053616e746f73, 0x6d6c7064627a33303040676d61696c2e636f6d, 0x2432792431302433586a33746d6e72322e377a73796b6c765a4c2f51756f79325a38683137363258765a574c32617a4c477645753437396a68334b4f, 2, 17, 5, 1, '2024-10-22 22:52:05'),
(5, 0x416c626572746f20436f6e747265726173, 0x616c626572746f636f6e32303940676d61696c2e636f6d, 0x243279243130246e445134683030712e36677a746471446f6d37754965757665762f424a4e554f4e484e317542486832795047577744533858516343, 1, 1, 5, 6, '2024-10-22 23:29:55'),
(6, 0x506564726f, 0x706564726f40676d61696c2e636f6d, 0x243279243130246254564961744d6b782e7574596d47456d59706d51755031584e79324b4b44736e637a46656e6145664a7157577174706b35427857, 1, 1, 5, 6, '2024-10-24 01:28:34'),
(13, 0x4564676172204d6f6c696e61, 0x656d6f6c696e6172406d69756d672e6564752e6774, 0x243279243130244d62494f64426978483658417876312f744a793239754d6b7852336b466d33692e55756a797550686975735759652e706830464a53, 1, 1, 5, 6, '2024-10-29 01:44:53'),
(15, 0x4361726c6f73204375204368756e, 0x63756368756e6361726c6f7340676d61696c2e636f6d, 0x2432792431302456414b58666a553477366c664a58445966355034752e4f7a58776b704d3279685955767642616b4c314866766f3679654a56504665, 1, 1, 5, 4, '2024-10-29 01:48:23'),
(16, 0x5072697363696c612049736162656c2047c3b36d657a2053616e6368696e656c6c6920, 0x7072697363696c613037677340676d61696c2e636f6d, 0x2432792431302476753138327a6977746c70687946715a5435616b704f6774345a58504578426e463643744f4b76726d73446432774f464b3351462e, 1, 10, 5, 6, '2024-10-29 02:28:19'),
(18, 0x52617175656c204672616e636f20, 0x72617175656c6672616e636f32373440676d61696c2e636f6d, 0x243279243130246e656f734c4f6e6b627876426237576630306538466548676b784776716136436a364d326c6663415653336b396b384f736e4a3357, 1, 1, 5, 4, '2024-11-06 22:14:55'),
(20, 0x48756d626572746f204a6f73c3a920416c656a616e64726f2047617263c3ad612056696c6c61746f726f, 0x76696c6c61746f726f2e686a40676d61696c2e636f6d, 0x2432792431302446526c4974516c72397361586f34494b554652304a75416a4d346339517057454b35513453572e70697643717343776e452e326d57, 1, 9, 5, 4, '2024-11-07 18:35:04'),
(21, 0x53656261737469c3a16e2047c3b36d657a20, 0x736f6c617a677440676d61696c2e636f6d, 0x243279243130246b716870514a6d51533931676555546458744b71522e4a694467666b307449324747615371794c4d36543452493932764441563257, 1, 10, 5, 6, '2024-11-07 21:36:15'),
(24, 0x4a6f726765204c7569732052616dc3ad72657a20476f6e7ac3a16c657a, 0x72616d6972657a6a6f7267656c7569733139363040676d61696c2e636f6d, 0x243279243130244764474d68456152493876715a572f6a4e68303075756e76417168414c50494663353656754f4c426e776b6c4c50795a37666e4b57, 2, 17, 5, 2, '2024-11-08 13:53:11'),
(25, 0x4564792076616c656e63696f206465206c61206372757a207461706572696120, 0x44656c616372757a7461706572696165646479373740676d61696c2e636f6d, 0x2432792431302471547457504c617739424f4a66317a504b543761704f4435526d436d7570317035743157754636724457654146576d6d46617a6832, 2, 17, 5, 4, '2024-11-08 18:02:05'),
(26, 0x566963746f7220536172617a7561204665726e616e64657a, 0x7669636b6665726e616e64657a393940676d61696c2e636f6d, 0x2432792431302447714d3244666c464f6e473047457434486a354e672e48666b6f77685a61724c766f414d62555030473861725775796331426c5a43, 0, 0, 5, 0, '2024-11-10 20:27:26'),
(27, 0x4a6f616e205374616e6c657920526f6e6e62657267206465204665726e616e64657a, 0x6a6f616e7366657240676d61696c2e636f6d, 0x24327924313024796f574a79797a336b6b466735443649302f6d3771655732597a5152645954327632327a34464b6d304d6e6e3048526d6334327075, 1, 3, 5, 4, '2024-11-10 21:34:26'),
(28, 0x4a4f5247452041524e554c464f204341524c4f532053414e4348455a, 0x6a6f72676561722e6361726c6f7340676d61696c2e636f6d, 0x2432792431302464646470444162316d7135635a7a6658336a6847614f6e5051325436306e6956596c7a5668722e6f36475049536d4c656b794e4669, 1, 1, 5, 4, '2024-11-10 21:35:39'),
(29, 0x43c3a97361722044616e696c6f204d61617a205374776f6c696e736b69, 0x63657361726d61617a383240676d61696c2e636f6d, 0x243279243130247371614269327469443152447758324f674e4c456f2e6a596f4f6c624a714778646441794d5461706e59414157675731335a515565, 1, 9, 5, 4, '2024-11-10 21:35:40'),
(30, 0x517569717565205275697a20, 0x6a756c696f656e72697175657275697a6d6564696e613440676d73696c2e636f6d, 0x243279243130246c7a5a686754712e4a5656435649635463747852726538667748704253494a4a567a6946762e7263634a726c727a2e65587241476d, 1, 1, 5, 4, '2024-11-10 21:43:34'),
(31, 0x456e7269717565205275697a20, 0x6a756c696f656e72697175657275697a6d6564696e613440676d61696c2e636f6d, 0x2432792431302463535146595775706f6637495847454f4251496e324f437432684b476758752e44323842304d5476455979653444654c394a507747, 1, 1, 5, 4, '2024-11-10 21:45:55'),
(32, 0x4f74746f20506572657a, 0x706570616f746140676d61696c2e636f6d, 0x243279243130247062377135626268324c4c515144375932317a734c654b4b5677474c64303759554d3230793266655157344449382f486545574465, 0, 0, 5, 0, '2024-11-10 23:11:45'),
(33, 0x4d617276696e204665726e616e646f204e61766172726f2056656cc3a1737175657a20, 0x66657276333932323440676d61696c2e636f6d, 0x2432792431302473484b726b444d7746534157686868746b77307a494f593555524c6356364d6e337332644f7370652f42536a6256756a68642f7579, 17, 231, 5, 6, '2024-11-11 01:24:27'),
(34, 0x526f6e79204e6fc3a9204f63686f612044c3ad617a20, 0x65636f70726f796563746f7364656f63636964656e746540676d61696c2e636f6d, 0x243279243130247a6a3852662e342e7158725678506369706b50416a4f6c6475714f6b6d4f422f2f514d435664686767346a54676d2f496e6c626d36, 13, 161, 5, 6, '2024-11-11 03:30:08'),
(35, 0x4865726265727420456d696c696f20536f746f204368656e, 0x68657262657274736f746f6368656e40676d61696c2e636f6d, 0x243279243130246f414f53492e7a4b792f64644c6b61746f3439756c753558735136794563726b4d514e4b783874356850576453544a49686c614865, 1, 1, 1, 4, '2024-11-14 17:39:35'),
(36, 0x53696c7669612064652050616c6d69657269, 0x73696c7669616469706f407961686f6f2e636f6d, 0x243279243130243455524d66795a3833735133796b6133567a726f712e4553743050746d672e6a7857374d6e635845786650655073444355506a4347, 7, 72, 5, 1, '2024-11-16 03:14:24'),
(37, 0x4e6f726d616e20417175696e6f, 0x6e6f726d616e617175696e6f6540686f746d61696c2e636f6d, 0x243279243130242e7655566e437a55725662454352486d4a75457a724f6b6548762f5964452e6f774632456e69574b456a496766467376532f494657, 7, 72, 5, 1, '2024-11-16 13:58:53'),
(38, 0x53616e64726120536f72656c204372757a205269766569726f, 0x736f72656c2e6372757a407961686f6f2e636f6d, 0x24327924313024694c567a443865614672337230765a4f57457954547552506e36787a45546f486c733378624845575374675371786741506746554b, 1, 1, 5, 6, '2024-11-16 18:17:32'),
(39, 0x4d6175726f2047617263c3ad61, 0x6d67617263696179676172636961407961686f6f2e636f6d, 0x2432792431302461584e666a42353332714e525731342e76395a4a766556656e7957694e464251476a5564645552367162594d696145457935723747, 1, 1, 5, 4, '2024-11-16 21:59:30'),
(40, 0x4d61726c656e65205370696567656c657220, 0x7370696567656c65726d617240676d61696c2e636f6d, 0x243279243130247267685042654d736b7768416d6a2e6b7777506a522e48784743564233476d4c675572425249496b325661367a4b524144516c2e61, 1, 10, 5, 4, '2024-11-16 23:11:10'),
(41, 0x4361726f6c204865726e6164657a, 0x6361726f6c40676d61696c2e636f6d, 0x2432792431302465686359434469367a497a4e4e44456544692f69734f3268795a63347663787a4f7049574a3051494a4d384b505530357461364679, 1, 1, 5, 6, '2024-11-16 23:11:17'),
(42, 0x426c616e636120526f7361204368656e616c, 0x62726368656e616c40676d61696c2e636f6d, 0x2432792431302479454d524f357262685966783432487657456a4737754c347a50526b4c466946594457684135782e484935316f6135554271345465, 1, 1, 5, 4, '2024-11-16 23:13:36'),
(43, 0x4b61726f6c2053616e6368696e656c6c69, 0x6b73616e63686970407961686f6f2e636f6d, 0x24327924313024566a7339676d637165575479326339494a507a6f6b653762383335766f684c652f343449582f2e6142644447726939757734574947, 1, 10, 5, 4, '2024-11-16 23:45:46'),
(44, 0x4b61726f6c2053616e6368696e656c6c6920, 0x6b73616e63686970407961686f6f2e636f6d2e6d78, 0x2432792431302469444d43526c3874472f46524d4e754748422f526c2e7a705673645a3147494a557437773971306a5164595a334b73693533496a75, 1, 10, 5, 4, '2024-11-16 23:47:50'),
(45, 0x48656c6d75746820496261c3b1657a, 0x7969656c5f3139353740686f746d61696c2e636f6d, 0x243279243130247654706d366d387234634d77394e657052526f45624f336556646d3274664f77694962464a796437412e6774316c2f6c6f47764f2e, 1, 1, 5, 4, '2024-11-18 14:52:40'),
(46, 0x4a616d657373776f6e65, 0x666f72666c6f6f6435313640676d61696c2e636f6d, 0x243279243130246d59656936665548434f4b66625a5a51735578653565322f534a556f49736c34325274704231464c366f3354447475356658333061, 9, 0, 5, 2, '2025-02-04 06:47:37'),
(47, 0x4c5262696d4144447a77494769, 0x6b6569746c696e6a353840676d61696c2e636f6d, 0x24327924313024334941776568702e58545335526a5a5447637148702e5567783455655547387038514e5a56663864612f2f774f6531346758757771, 22, 0, 5, 6, '2025-03-02 05:46:14'),
(48, 0x4f7064776f646f776b6477696964776f6b20646a776b716477716f66686a71776c73716a206a666b6d636c6173646b6a666a65776c666a6b776b646a6f69717720666e65646b77646b6f7766776869206a696f776a696f77686669776b6a20726f6872696f776a726f70776a726f66776a72696a6569776f2061616f636f62616e2e636f6d, 0x6e6f6d696e2e6d6f6d696e2b3239367830406d61696c2e7275, 0x24327924313024556f3769564531754c4d346c324c752f2e66374e716550326b63704f41666433796a793274656b746b7a4b497944646b4645496a79, 3, 0, 5, 2, '2025-03-28 08:36:03'),
(49, 0x4d667565687564776a206869776a7377647769646a7769646a69206a6469776a7377696864666575666869776a20696a6469776a7769686469776b646f71206a69776a647769646a7769666a6569206a77646f646b776f666a6965686965686769656a646977206a69666a6569666a656966776b66696a7267686973206b776f736b6f776669656a6966656665666566652061616f636f62616e2e636f6d, 0x6e6f6d696e2e6d6f6d696e2b3236387336406d61696c2e7275, 0x24327924313024446b6f7a505a482f73596d774c65754939334552516566517871765461513170525a775072672e6972564973673771654165654c79, 14, 0, 5, 6, '2025-07-19 13:05:48'),
(50, 0x4c6f706f6c6f6966686964776a6477666566656520666a6564776a64776a20696a77686677646a207766696566776a64776420687769646a776964687766687769646a69776a20686a666865666a68776966686577666977656a6a2068666977686671776a68667177696566677769656a2061616f636f62616e2e636f6d, 0x6e6f6d696e2e6d6f6d696e2b3434356532406d61696c2e7275, 0x243279243130246f47707455647a35466875312e6355324a51596c67656a7063313975525a75586e5a4f4f677131706f4977394e7953473453695869, 7, 0, 5, 2, '2025-10-04 05:33:44'),
(51, 0x67624178544d6543624f6b4f4b694d73647a, 0x72616c6579757861353240676d61696c2e636f6d, 0x243279243130244f566536675051376a7437504152752e6b5476326b2e412f716d2e667968553538314f4e78726b75634d6a47616242306759717775, 14, 0, 5, 5, '2025-10-21 17:33:26'),
(52, 0x5865624d64724a684c615248434e55726c, 0x667261676f6462363440676d61696c2e636f6d, 0x243279243130246844414934676f545863664a7a7a6a514156504a466542493433583139414548347056646668313952754f566d4b6454745a4a2e32, 14, 0, 5, 0, '2025-11-01 14:46:04');

--
-- Índices para tablas volcadas
--

--
-- Indices de la tabla `clase`
--
ALTER TABLE `clase`
  ADD PRIMARY KEY (`id_clase`),
  ADD KEY `id_grupo` (`id_grupo`);

--
-- Indices de la tabla `grupo`
--
ALTER TABLE `grupo`
  ADD PRIMARY KEY (`id_grupo`);

--
-- Indices de la tabla `nom_usuarios`
--
ALTER TABLE `nom_usuarios`
  ADD PRIMARY KEY (`id_usuario`);

--
-- Indices de la tabla `tb_almacenadas`
--
ALTER TABLE `tb_almacenadas`
  ADD PRIMARY KEY (`id`),
  ADD KEY `fk_orquidea` (`id_orquidea`);

--
-- Indices de la tabla `tb_aso`
--
ALTER TABLE `tb_aso`
  ADD PRIMARY KEY (`id_aso`);

--
-- Indices de la tabla `tb_departamento`
--
ALTER TABLE `tb_departamento`
  ADD PRIMARY KEY (`id_departamento`);

--
-- Indices de la tabla `tb_ganadores`
--
ALTER TABLE `tb_ganadores`
  ADD PRIMARY KEY (`id_ganador`);

--
-- Indices de la tabla `tb_inscripcion`
--
ALTER TABLE `tb_inscripcion`
  ADD PRIMARY KEY (`id_inscri`);

--
-- Indices de la tabla `tb_municipio`
--
ALTER TABLE `tb_municipio`
  ADD PRIMARY KEY (`id_municipio`),
  ADD KEY `id_departamento` (`id_departamento`);

--
-- Indices de la tabla `tb_orquidea`
--
ALTER TABLE `tb_orquidea`
  ADD PRIMARY KEY (`id_orquidea`);

--
-- Indices de la tabla `tb_participante`
--
ALTER TABLE `tb_participante`
  ADD PRIMARY KEY (`id`),
  ADD KEY `id_departamento` (`id_departamento`);

--
-- Indices de la tabla `tb_tipoparticipante`
--
ALTER TABLE `tb_tipoparticipante`
  ADD PRIMARY KEY (`id_tipo`);

--
-- Indices de la tabla `tb_trofeo`
--
ALTER TABLE `tb_trofeo`
  ADD PRIMARY KEY (`id_trofeo`),
  ADD KEY `id_orquidea` (`id_orquidea`),
  ADD KEY `id_clase` (`id_clase`),
  ADD KEY `id_grupo` (`id_grupo`);

--
-- Indices de la tabla `tb_usuarios`
--
ALTER TABLE `tb_usuarios`
  ADD PRIMARY KEY (`id_usuario`);

--
-- AUTO_INCREMENT de las tablas volcadas
--

--
-- AUTO_INCREMENT de la tabla `clase`
--
ALTER TABLE `clase`
  MODIFY `id_clase` int(11) NOT NULL AUTO_INCREMENT, AUTO_INCREMENT=115;

--
-- AUTO_INCREMENT de la tabla `grupo`
--
ALTER TABLE `grupo`
  MODIFY `id_grupo` int(11) NOT NULL AUTO_INCREMENT, AUTO_INCREMENT=15;

--
-- AUTO_INCREMENT de la tabla `nom_usuarios`
--
ALTER TABLE `nom_usuarios`
  MODIFY `id_usuario` int(11) NOT NULL AUTO_INCREMENT, AUTO_INCREMENT=6;

--
-- AUTO_INCREMENT de la tabla `tb_almacenadas`
--
ALTER TABLE `tb_almacenadas`
  MODIFY `id` int(11) NOT NULL AUTO_INCREMENT;

--
-- AUTO_INCREMENT de la tabla `tb_aso`
--
ALTER TABLE `tb_aso`
  MODIFY `id_aso` int(11) NOT NULL AUTO_INCREMENT, AUTO_INCREMENT=7;

--
-- AUTO_INCREMENT de la tabla `tb_departamento`
--
ALTER TABLE `tb_departamento`
  MODIFY `id_departamento` int(11) NOT NULL AUTO_INCREMENT, AUTO_INCREMENT=23;

--
-- AUTO_INCREMENT de la tabla `tb_ganadores`
--
ALTER TABLE `tb_ganadores`
  MODIFY `id_ganador` int(11) NOT NULL AUTO_INCREMENT, AUTO_INCREMENT=229;

--
-- AUTO_INCREMENT de la tabla `tb_inscripcion`
--
ALTER TABLE `tb_inscripcion`
  MODIFY `id_inscri` int(11) NOT NULL AUTO_INCREMENT, AUTO_INCREMENT=211;

--
-- AUTO_INCREMENT de la tabla `tb_municipio`
--
ALTER TABLE `tb_municipio`
  MODIFY `id_municipio` int(11) NOT NULL AUTO_INCREMENT, AUTO_INCREMENT=328;

--
-- AUTO_INCREMENT de la tabla `tb_orquidea`
--
ALTER TABLE `tb_orquidea`
  MODIFY `id_orquidea` int(11) NOT NULL AUTO_INCREMENT, AUTO_INCREMENT=1028;

--
-- AUTO_INCREMENT de la tabla `tb_participante`
--
ALTER TABLE `tb_participante`
  MODIFY `id` int(11) NOT NULL AUTO_INCREMENT, AUTO_INCREMENT=68;

--
-- AUTO_INCREMENT de la tabla `tb_tipoparticipante`
--
ALTER TABLE `tb_tipoparticipante`
  MODIFY `id_tipo` int(11) NOT NULL AUTO_INCREMENT, AUTO_INCREMENT=3;

--
-- AUTO_INCREMENT de la tabla `tb_trofeo`
--
ALTER TABLE `tb_trofeo`
  MODIFY `id_trofeo` int(11) NOT NULL AUTO_INCREMENT, AUTO_INCREMENT=54;

--
-- AUTO_INCREMENT de la tabla `tb_usuarios`
--
ALTER TABLE `tb_usuarios`
  MODIFY `id_usuario` int(11) NOT NULL AUTO_INCREMENT, AUTO_INCREMENT=53;

--
-- Restricciones para tablas volcadas
--

--
-- Filtros para la tabla `clase`
--
ALTER TABLE `clase`
  ADD CONSTRAINT `clase_ibfk_1` FOREIGN KEY (`id_grupo`) REFERENCES `grupo` (`id_grupo`);

--
-- Filtros para la tabla `tb_almacenadas`
--
ALTER TABLE `tb_almacenadas`
  ADD CONSTRAINT `fk_orquidea` FOREIGN KEY (`id_orquidea`) REFERENCES `tb_orquidea` (`id_orquidea`);

--
-- Filtros para la tabla `tb_municipio`
--
ALTER TABLE `tb_municipio`
  ADD CONSTRAINT `tb_municipio_ibfk_1` FOREIGN KEY (`id_departamento`) REFERENCES `tb_departamento` (`id_departamento`);

--
-- Filtros para la tabla `tb_participante`
--
ALTER TABLE `tb_participante`
  ADD CONSTRAINT `tb_participante_ibfk_1` FOREIGN KEY (`id_departamento`) REFERENCES `tb_departamento` (`id_departamento`);

--
-- Filtros para la tabla `tb_trofeo`
--
ALTER TABLE `tb_trofeo`
  ADD CONSTRAINT `tb_trofeo_ibfk_1` FOREIGN KEY (`id_orquidea`) REFERENCES `tb_orquidea` (`id_orquidea`),
  ADD CONSTRAINT `tb_trofeo_ibfk_2` FOREIGN KEY (`id_clase`) REFERENCES `clase` (`id_clase`),
  ADD CONSTRAINT `tb_trofeo_ibfk_3` FOREIGN KEY (`id_grupo`) REFERENCES `grupo` (`id_grupo`);
COMMIT;

/*!40101 SET CHARACTER_SET_CLIENT=@OLD_CHARACTER_SET_CLIENT */;
/*!40101 SET CHARACTER_SET_RESULTS=@OLD_CHARACTER_SET_RESULTS */;
/*!40101 SET COLLATION_CONNECTION=@OLD_COLLATION_CONNECTION */;
